CBSA Code,CBSA Title,Metropolitan/Micropolitan Statistical Area,Principal City Name,FIPS State Code,FIPS Place Code
10100,"Aberdeen, SD",Micropolitan Statistical Area,Aberdeen,46,00100
10140,"Aberdeen, WA",Micropolitan Statistical Area,Aberdeen,53,00100
10180,"Abilene, TX",Metropolitan Statistical Area,Abilene,48,01000
10220,"Ada, OK",Micropolitan Statistical Area,Ada,40,00200
10300,"Adrian, MI",Micropolitan Statistical Area,Adrian,26,00440
10380,"Aguadilla-Isabela, PR",Metropolitan Statistical Area,Aguadilla,72,00745
10380,"Aguadilla-Isabela, PR",Metropolitan Statistical Area,Isabela,72,36478
10420,"Akron, OH",Metropolitan Statistical Area,Akron,39,01000
10460,"Alamogordo, NM",Micropolitan Statistical Area,Alamogordo,35,01780
10500,"Albany, GA",Metropolitan Statistical Area,Albany,13,01052
10540,"Albany-Lebanon, OR",Metropolitan Statistical Area,Albany,41,01000
10540,"Albany-Lebanon, OR",Metropolitan Statistical Area,Lebanon,41,41650
10580,"Albany-Schenectady-Troy, NY",Metropolitan Statistical Area,Albany,36,01000
10580,"Albany-Schenectady-Troy, NY",Metropolitan Statistical Area,Schenectady,36,65508
10580,"Albany-Schenectady-Troy, NY",Metropolitan Statistical Area,Troy,36,75484
10620,"Albemarle, NC",Micropolitan Statistical Area,Albemarle,37,00680
10660,"Albert Lea, MN",Micropolitan Statistical Area,Albert Lea,27,00694
10700,"Albertville, AL",Micropolitan Statistical Area,Albertville,01,00988
10740,"Albuquerque, NM",Metropolitan Statistical Area,Albuquerque,35,02000
10760,"Alexander City, AL",Micropolitan Statistical Area,Alexander City,01,01132
10780,"Alexandria, LA",Metropolitan Statistical Area,Alexandria,22,00975
10820,"Alexandria, MN",Micropolitan Statistical Area,Alexandria,27,00928
10860,"Alice, TX",Micropolitan Statistical Area,Alice,48,01852
10900,"Allentown-Bethlehem-Easton, PA-NJ",Metropolitan Statistical Area,Allentown,42,02000
10900,"Allentown-Bethlehem-Easton, PA-NJ",Metropolitan Statistical Area,Bethlehem,42,06088
10940,"Alma, MI",Micropolitan Statistical Area,Alma,26,01540
10980,"Alpena, MI",Micropolitan Statistical Area,Alpena,26,01740
11020,"Altoona, PA",Metropolitan Statistical Area,Altoona,42,02184
11060,"Altus, OK",Micropolitan Statistical Area,Altus,40,01700
11100,"Amarillo, TX",Metropolitan Statistical Area,Amarillo,48,03000
11140,"Americus, GA",Micropolitan Statistical Area,Americus,13,02116
11180,"Ames, IA",Metropolitan Statistical Area,Ames,19,01855
11220,"Amsterdam, NY",Micropolitan Statistical Area,Amsterdam,36,02066
11260,"Anchorage, AK",Metropolitan Statistical Area,Anchorage,02,03000
11380,"Andrews, TX",Micropolitan Statistical Area,Andrews,48,03216
11420,"Angola, IN",Micropolitan Statistical Area,Angola,18,01666
11460,"Ann Arbor, MI",Metropolitan Statistical Area,Ann Arbor,26,03000
11500,"Anniston-Oxford, AL",Metropolitan Statistical Area,Anniston,01,01852
11500,"Anniston-Oxford, AL",Metropolitan Statistical Area,Oxford,01,57576
11540,"Appleton, WI",Metropolitan Statistical Area,Appleton,55,02375
11580,"Arcadia, FL",Micropolitan Statistical Area,Arcadia,12,01750
11620,"Ardmore, OK",Micropolitan Statistical Area,Ardmore,40,02600
11640,"Arecibo, PR",Metropolitan Statistical Area,Arecibo,72,03368
11660,"Arkadelphia, AR",Micropolitan Statistical Area,Arkadelphia,05,01870
11700,"Asheville, NC",Metropolitan Statistical Area,Asheville,37,02140
11740,"Ashland, OH",Micropolitan Statistical Area,Ashland,39,02568
11780,"Ashtabula, OH",Micropolitan Statistical Area,Ashtabula,39,02638
11820,"Astoria, OR",Micropolitan Statistical Area,Astoria,41,03150
11860,"Atchison, KS",Micropolitan Statistical Area,Atchison,20,02900
11900,"Athens, OH",Micropolitan Statistical Area,Athens,39,02736
11940,"Athens, TN",Micropolitan Statistical Area,Athens,47,02320
11980,"Athens, TX",Micropolitan Statistical Area,Athens,48,04504
12020,"Athens-Clarke County, GA",Metropolitan Statistical Area,Athens-Clarke County unified government (balance),13,03440
12060,"Atlanta-Sandy Springs-Alpharetta, GA",Metropolitan Statistical Area,Alpharetta,13,01696
12060,"Atlanta-Sandy Springs-Alpharetta, GA",Metropolitan Statistical Area,Atlanta,13,04000
12060,"Atlanta-Sandy Springs-Alpharetta, GA",Metropolitan Statistical Area,Marietta,13,49756
12060,"Atlanta-Sandy Springs-Alpharetta, GA",Metropolitan Statistical Area,Sandy Springs,13,68516
12100,"Atlantic City-Hammonton, NJ",Metropolitan Statistical Area,Atlantic City,34,02080
12100,"Atlantic City-Hammonton, NJ",Metropolitan Statistical Area,Hammonton,34,29430
12120,"Atmore, AL",Micropolitan Statistical Area,Atmore,01,03004
12140,"Auburn, IN",Micropolitan Statistical Area,Auburn,18,02674
12180,"Auburn, NY",Micropolitan Statistical Area,Auburn,36,03078
12220,"Auburn-Opelika, AL",Metropolitan Statistical Area,Auburn,01,03076
12220,"Auburn-Opelika, AL",Metropolitan Statistical Area,Opelika,01,57048
12260,"Augusta-Richmond County, GA-SC",Metropolitan Statistical Area,Augusta-Richmond County consolidated government (balance),13,04204
12300,"Augusta-Waterville, ME",Micropolitan Statistical Area,Augusta,23,02100
12300,"Augusta-Waterville, ME",Micropolitan Statistical Area,Waterville,23,80740
12380,"Austin, MN",Micropolitan Statistical Area,Austin,27,02908
12420,"Austin-Round Rock-Georgetown, TX",Metropolitan Statistical Area,Austin,48,05000
12420,"Austin-Round Rock-Georgetown, TX",Metropolitan Statistical Area,Georgetown,48,29336
12420,"Austin-Round Rock-Georgetown, TX",Metropolitan Statistical Area,Round Rock,48,63500
12420,"Austin-Round Rock-Georgetown, TX",Metropolitan Statistical Area,San Marcos,48,65600
12460,"Bainbridge, GA",Micropolitan Statistical Area,Bainbridge,13,04896
12540,"Bakersfield, CA",Metropolitan Statistical Area,Bakersfield,06,03526
12580,"Baltimore-Columbia-Towson, MD",Metropolitan Statistical Area,Baltimore,24,04000
12580,"Baltimore-Columbia-Towson, MD",Metropolitan Statistical Area,Columbia,24,19125
12580,"Baltimore-Columbia-Towson, MD",Metropolitan Statistical Area,Towson,24,78425
12620,"Bangor, ME",Metropolitan Statistical Area,Bangor,23,02795
12660,"Baraboo, WI",Micropolitan Statistical Area,Baraboo,55,04625
12680,"Bardstown, KY",Micropolitan Statistical Area,Bardstown,21,03628
12700,"Barnstable Town, MA",Metropolitan Statistical Area,Barnstable Town,25,03690
12740,"Barre, VT",Micropolitan Statistical Area,Barre,50,03175
12780,"Bartlesville, OK",Micropolitan Statistical Area,Bartlesville,40,04450
12860,"Batavia, NY",Micropolitan Statistical Area,Batavia,36,04715
12900,"Batesville, AR",Micropolitan Statistical Area,Batesville,05,04030
12940,"Baton Rouge, LA",Metropolitan Statistical Area,Baton Rouge,22,05000
12980,"Battle Creek, MI",Metropolitan Statistical Area,Battle Creek,26,05920
13020,"Bay City, MI",Metropolitan Statistical Area,Bay City,26,06020
13060,"Bay City, TX",Micropolitan Statistical Area,Bay City,48,05984
13100,"Beatrice, NE",Micropolitan Statistical Area,Beatrice,31,03390
13140,"Beaumont-Port Arthur, TX",Metropolitan Statistical Area,Beaumont,48,07000
13140,"Beaumont-Port Arthur, TX",Metropolitan Statistical Area,Port Arthur,48,58820
13180,"Beaver Dam, WI",Micropolitan Statistical Area,Beaver Dam,55,05900
13220,"Beckley, WV",Metropolitan Statistical Area,Beckley,54,05332
13260,"Bedford, IN",Micropolitan Statistical Area,Bedford,18,04114
13300,"Beeville, TX",Micropolitan Statistical Area,Beeville,48,07192
13340,"Bellefontaine, OH",Micropolitan Statistical Area,Bellefontaine,39,05130
13380,"Bellingham, WA",Metropolitan Statistical Area,Bellingham,53,05280
13420,"Bemidji, MN",Micropolitan Statistical Area,Bemidji,27,05068
13460,"Bend, OR",Metropolitan Statistical Area,Bend,41,05800
13500,"Bennettsville, SC",Micropolitan Statistical Area,Bennettsville,45,05680
13540,"Bennington, VT",Micropolitan Statistical Area,Bennington,50,04750
13620,"Berlin, NH",Micropolitan Statistical Area,Berlin,33,05140
13660,"Big Rapids, MI",Micropolitan Statistical Area,Big Rapids,26,08300
13700,"Big Spring, TX",Micropolitan Statistical Area,Big Spring,48,08236
13720,"Big Stone Gap, VA",Micropolitan Statistical Area,Big Stone Gap,51,07480
13740,"Billings, MT",Metropolitan Statistical Area,Billings,30,06550
13780,"Binghamton, NY",Metropolitan Statistical Area,Binghamton,36,06607
13820,"Birmingham-Hoover, AL",Metropolitan Statistical Area,Birmingham,01,07000
13820,"Birmingham-Hoover, AL",Metropolitan Statistical Area,Hoover,01,35896
13900,"Bismarck, ND",Metropolitan Statistical Area,Bismarck,38,07200
13940,"Blackfoot, ID",Micropolitan Statistical Area,Blackfoot,16,07840
13980,"Blacksburg-Christiansburg, VA",Metropolitan Statistical Area,Blacksburg,51,07784
13980,"Blacksburg-Christiansburg, VA",Metropolitan Statistical Area,Christiansburg,51,16608
14010,"Bloomington, IL",Metropolitan Statistical Area,Bloomington,17,06613
14020,"Bloomington, IN",Metropolitan Statistical Area,Bloomington,18,05860
14100,"Bloomsburg-Berwick, PA",Metropolitan Statistical Area,Berwick,42,05888
14100,"Bloomsburg-Berwick, PA",Metropolitan Statistical Area,Bloomsburg,42,07128
14140,"Bluefield, WV-VA",Micropolitan Statistical Area,Bluefield,54,08524
14180,"Blytheville, AR",Micropolitan Statistical Area,Blytheville,05,07330
14220,"Bogalusa, LA",Micropolitan Statistical Area,Bogalusa,22,08150
14260,"Boise City, ID",Metropolitan Statistical Area,Boise City,16,08830
14300,"Bonham, TX",Micropolitan Statistical Area,Bonham,48,09328
14380,"Boone, NC",Micropolitan Statistical Area,Boone,37,07080
14420,"Borger, TX",Micropolitan Statistical Area,Borger,48,09556
14460,"Boston-Cambridge-Newton, MA-NH",Metropolitan Statistical Area,Boston,25,07000
14460,"Boston-Cambridge-Newton, MA-NH",Metropolitan Statistical Area,Cambridge,25,11000
14460,"Boston-Cambridge-Newton, MA-NH",Metropolitan Statistical Area,Framingham,25,24960
14460,"Boston-Cambridge-Newton, MA-NH",Metropolitan Statistical Area,Newton,25,45560
14460,"Boston-Cambridge-Newton, MA-NH",Metropolitan Statistical Area,Waltham,25,72600
14500,"Boulder, CO",Metropolitan Statistical Area,Boulder,08,07850
14540,"Bowling Green, KY",Metropolitan Statistical Area,Bowling Green,21,08902
14580,"Bozeman, MT",Micropolitan Statistical Area,Bozeman,30,08950
14620,"Bradford, PA",Micropolitan Statistical Area,Bradford,42,08040
14660,"Brainerd, MN",Micropolitan Statistical Area,Brainerd,27,07300
14700,"Branson, MO",Micropolitan Statistical Area,Branson,29,07966
14720,"Breckenridge, CO",Micropolitan Statistical Area,Breckenridge,08,08400
14740,"Bremerton-Silverdale-Port Orchard, WA",Metropolitan Statistical Area,Bremerton,53,07695
14740,"Bremerton-Silverdale-Port Orchard, WA",Metropolitan Statistical Area,Port Orchard,53,55785
14740,"Bremerton-Silverdale-Port Orchard, WA",Metropolitan Statistical Area,Silverdale,53,64365
14780,"Brenham, TX",Micropolitan Statistical Area,Brenham,48,10156
14820,"Brevard, NC",Micropolitan Statistical Area,Brevard,37,07720
14860,"Bridgeport-Stamford-Norwalk, CT",Metropolitan Statistical Area,Bridgeport,09,08000
14860,"Bridgeport-Stamford-Norwalk, CT",Metropolitan Statistical Area,Danbury,09,18430
14860,"Bridgeport-Stamford-Norwalk, CT",Metropolitan Statistical Area,Norwalk,09,55990
14860,"Bridgeport-Stamford-Norwalk, CT",Metropolitan Statistical Area,Stamford,09,73000
14860,"Bridgeport-Stamford-Norwalk, CT",Metropolitan Statistical Area,Stratford,09,74260
15020,"Brookhaven, MS",Micropolitan Statistical Area,Brookhaven,28,08820
15060,"Brookings, OR",Micropolitan Statistical Area,Brookings,41,08650
15100,"Brookings, SD",Micropolitan Statistical Area,Brookings,46,07580
15140,"Brownsville, TN",Micropolitan Statistical Area,Brownsville,47,08920
15180,"Brownsville-Harlingen, TX",Metropolitan Statistical Area,Brownsville,48,10768
15180,"Brownsville-Harlingen, TX",Metropolitan Statistical Area,Harlingen,48,32372
15220,"Brownwood, TX",Micropolitan Statistical Area,Brownwood,48,10780
15260,"Brunswick, GA",Metropolitan Statistical Area,Brunswick,13,11560
15340,"Bucyrus-Galion, OH",Micropolitan Statistical Area,Bucyrus,39,10030
15340,"Bucyrus-Galion, OH",Micropolitan Statistical Area,Galion,39,29162
15380,"Buffalo-Cheektowaga, NY",Metropolitan Statistical Area,Buffalo,36,11000
15380,"Buffalo-Cheektowaga, NY",Metropolitan Statistical Area,Cheektowaga,36,15000
15420,"Burley, ID",Micropolitan Statistical Area,Burley,16,11260
15460,"Burlington, IA-IL",Micropolitan Statistical Area,Burlington,19,09550
15500,"Burlington, NC",Metropolitan Statistical Area,Burlington,37,09060
15540,"Burlington-South Burlington, VT",Metropolitan Statistical Area,Burlington,50,10675
15540,"Burlington-South Burlington, VT",Metropolitan Statistical Area,South Burlington,50,66175
15580,"Butte-Silver Bow, MT",Micropolitan Statistical Area,Butte-Silver Bow (balance),30,11397
15620,"Cadillac, MI",Micropolitan Statistical Area,Cadillac,26,12320
15660,"Calhoun, GA",Micropolitan Statistical Area,Calhoun,13,12456
15680,"California-Lexington Park, MD",Metropolitan Statistical Area,California,24,12150
15680,"California-Lexington Park, MD",Metropolitan Statistical Area,Lexington Park,24,46725
15700,"Cambridge, MD",Micropolitan Statistical Area,Cambridge,24,12400
15740,"Cambridge, OH",Micropolitan Statistical Area,Cambridge,39,10996
15780,"Camden, AR",Micropolitan Statistical Area,Camden,05,10720
15820,"Campbellsville, KY",Micropolitan Statistical Area,Campbellsville,21,12160
15860,"Ca�on City, CO",Micropolitan Statistical Area,Ca�on City,08,11810
15940,"Canton-Massillon, OH",Metropolitan Statistical Area,Canton,39,12000
15940,"Canton-Massillon, OH",Metropolitan Statistical Area,Massillon,39,48244
15980,"Cape Coral-Fort Myers, FL",Metropolitan Statistical Area,Cape Coral,12,10275
15980,"Cape Coral-Fort Myers, FL",Metropolitan Statistical Area,Fort Myers,12,24125
16020,"Cape Girardeau, MO-IL",Metropolitan Statistical Area,Cape Girardeau,29,11242
16060,"Carbondale-Marion, IL",Metropolitan Statistical Area,Carbondale,17,11163
16060,"Carbondale-Marion, IL",Metropolitan Statistical Area,Marion,17,46916
16100,"Carlsbad-Artesia, NM",Micropolitan Statistical Area,Artesia,35,05220
16100,"Carlsbad-Artesia, NM",Micropolitan Statistical Area,Carlsbad,35,12150
16140,"Carroll, IA",Micropolitan Statistical Area,Carroll,19,11080
16180,"Carson City, NV",Metropolitan Statistical Area,Carson City,32,09700
16220,"Casper, WY",Metropolitan Statistical Area,Casper,56,13150
16260,"Cedar City, UT",Micropolitan Statistical Area,Cedar City,49,11320
16300,"Cedar Rapids, IA",Metropolitan Statistical Area,Cedar Rapids,19,12000
16340,"Cedartown, GA",Micropolitan Statistical Area,Cedartown,13,14500
16380,"Celina, OH",Micropolitan Statistical Area,Celina,39,12868
16420,"Central City, KY",Micropolitan Statistical Area,Central City,21,13978
16460,"Centralia, IL",Micropolitan Statistical Area,Centralia,17,12164
16500,"Centralia, WA",Micropolitan Statistical Area,Centralia,53,11160
16540,"Chambersburg-Waynesboro, PA",Metropolitan Statistical Area,Chambersburg,42,12536
16540,"Chambersburg-Waynesboro, PA",Metropolitan Statistical Area,Waynesboro,42,81824
16580,"Champaign-Urbana, IL",Metropolitan Statistical Area,Champaign,17,12385
16580,"Champaign-Urbana, IL",Metropolitan Statistical Area,Urbana,17,77005
16620,"Charleston, WV",Metropolitan Statistical Area,Charleston,54,14600
16660,"Charleston-Mattoon, IL",Micropolitan Statistical Area,Charleston,17,12567
16660,"Charleston-Mattoon, IL",Micropolitan Statistical Area,Mattoon,17,47553
16700,"Charleston-North Charleston, SC",Metropolitan Statistical Area,Charleston,45,13330
16700,"Charleston-North Charleston, SC",Metropolitan Statistical Area,North Charleston,45,50875
16740,"Charlotte-Concord-Gastonia, NC-SC",Metropolitan Statistical Area,Charlotte,37,12000
16740,"Charlotte-Concord-Gastonia, NC-SC",Metropolitan Statistical Area,Concord,37,14100
16740,"Charlotte-Concord-Gastonia, NC-SC",Metropolitan Statistical Area,Gastonia,37,25580
16740,"Charlotte-Concord-Gastonia, NC-SC",Metropolitan Statistical Area,Rock Hill,45,61405
16820,"Charlottesville, VA",Metropolitan Statistical Area,Charlottesville,51,14968
16860,"Chattanooga, TN-GA",Metropolitan Statistical Area,Chattanooga,47,14000
16940,"Cheyenne, WY",Metropolitan Statistical Area,Cheyenne,56,13900
16980,"Chicago-Naperville-Elgin, IL-IN-WI",Metropolitan Statistical Area,Bolingbrook,17,07133
16980,"Chicago-Naperville-Elgin, IL-IN-WI",Metropolitan Statistical Area,Chicago,17,14000
16980,"Chicago-Naperville-Elgin, IL-IN-WI",Metropolitan Statistical Area,Des Plaines,17,19642
16980,"Chicago-Naperville-Elgin, IL-IN-WI",Metropolitan Statistical Area,Elgin,17,23074
16980,"Chicago-Naperville-Elgin, IL-IN-WI",Metropolitan Statistical Area,Evanston,17,24582
16980,"Chicago-Naperville-Elgin, IL-IN-WI",Metropolitan Statistical Area,Hoffman Estates,17,35411
16980,"Chicago-Naperville-Elgin, IL-IN-WI",Metropolitan Statistical Area,Naperville,17,51622
16980,"Chicago-Naperville-Elgin, IL-IN-WI",Metropolitan Statistical Area,Schaumburg,17,68003
16980,"Chicago-Naperville-Elgin, IL-IN-WI",Metropolitan Statistical Area,Skokie,17,70122
16980,"Chicago-Naperville-Elgin, IL-IN-WI",Metropolitan Statistical Area,Gary,18,27000
17020,"Chico, CA",Metropolitan Statistical Area,Chico,06,13014
17060,"Chillicothe, OH",Micropolitan Statistical Area,Chillicothe,39,14184
17140,"Cincinnati, OH-KY-IN",Metropolitan Statistical Area,Cincinnati,39,15000
17220,"Clarksburg, WV",Micropolitan Statistical Area,Clarksburg,54,15628
17260,"Clarksdale, MS",Micropolitan Statistical Area,Clarksdale,28,13820
17300,"Clarksville, TN-KY",Metropolitan Statistical Area,Clarksville,47,15160
17340,"Clearlake, CA",Micropolitan Statistical Area,Clearlake,06,13945
17380,"Cleveland, MS",Micropolitan Statistical Area,Cleveland,28,14260
17420,"Cleveland, TN",Metropolitan Statistical Area,Cleveland,47,15400
17460,"Cleveland-Elyria, OH",Metropolitan Statistical Area,Cleveland,39,16000
17460,"Cleveland-Elyria, OH",Metropolitan Statistical Area,Elyria,39,25256
17500,"Clewiston, FL",Micropolitan Statistical Area,Clewiston,12,13000
17540,"Clinton, IA",Micropolitan Statistical Area,Clinton,19,14430
17580,"Clovis, NM",Micropolitan Statistical Area,Clovis,35,16420
17620,"Coamo, PR",Micropolitan Statistical Area,Coamo,72,18719
17640,"Coco, PR",Micropolitan Statistical Area,Coco,72,18891
17660,"Coeur d'Alene, ID",Metropolitan Statistical Area,Coeur d'Alene,16,16750
17700,"Coffeyville, KS",Micropolitan Statistical Area,Coffeyville,20,14600
17740,"Coldwater, MI",Micropolitan Statistical Area,Coldwater,26,17020
17780,"College Station-Bryan, TX",Metropolitan Statistical Area,Bryan,48,10912
17780,"College Station-Bryan, TX",Metropolitan Statistical Area,College Station,48,15976
17820,"Colorado Springs, CO",Metropolitan Statistical Area,Colorado Springs,08,16000
17860,"Columbia, MO",Metropolitan Statistical Area,Columbia,29,15670
17900,"Columbia, SC",Metropolitan Statistical Area,Columbia,45,16000
17980,"Columbus, GA-AL",Metropolitan Statistical Area,Columbus,13,19000
18020,"Columbus, IN",Metropolitan Statistical Area,Columbus,18,14734
18060,"Columbus, MS",Micropolitan Statistical Area,Columbus,28,15380
18100,"Columbus, NE",Micropolitan Statistical Area,Columbus,31,10110
18140,"Columbus, OH",Metropolitan Statistical Area,Columbus,39,18000
18180,"Concord, NH",Micropolitan Statistical Area,Concord,33,14200
18220,"Connersville, IN",Micropolitan Statistical Area,Connersville,18,14932
18260,"Cookeville, TN",Micropolitan Statistical Area,Cookeville,47,16920
18300,"Coos Bay, OR",Micropolitan Statistical Area,Coos Bay,41,15250
18380,"Cordele, GA",Micropolitan Statistical Area,Cordele,13,19616
18420,"Corinth, MS",Micropolitan Statistical Area,Corinth,28,15700
18460,"Cornelia, GA",Micropolitan Statistical Area,Cornelia,13,19728
18500,"Corning, NY",Micropolitan Statistical Area,Corning,36,18256
18580,"Corpus Christi, TX",Metropolitan Statistical Area,Corpus Christi,48,17000
18620,"Corsicana, TX",Micropolitan Statistical Area,Corsicana,48,17060
18660,"Cortland, NY",Micropolitan Statistical Area,Cortland,36,18388
18700,"Corvallis, OR",Metropolitan Statistical Area,Corvallis,41,15800
18740,"Coshocton, OH",Micropolitan Statistical Area,Coshocton,39,18868
18780,"Craig, CO",Micropolitan Statistical Area,Craig,08,17760
18820,"Crawfordsville, IN",Micropolitan Statistical Area,Crawfordsville,18,15742
18860,"Crescent City, CA",Micropolitan Statistical Area,Crescent City,06,17022
18880,"Crestview-Fort Walton Beach-Destin, FL",Metropolitan Statistical Area,Crestview,12,15475
18880,"Crestview-Fort Walton Beach-Destin, FL",Metropolitan Statistical Area,Destin,12,17325
18880,"Crestview-Fort Walton Beach-Destin, FL",Metropolitan Statistical Area,Fort Walton Beach,12,24475
18900,"Crossville, TN",Micropolitan Statistical Area,Crossville,47,18540
18980,"Cullman, AL",Micropolitan Statistical Area,Cullman,01,18976
19000,"Cullowhee, NC",Micropolitan Statistical Area,Cullowhee,37,15880
19060,"Cumberland, MD-WV",Metropolitan Statistical Area,Cumberland,24,21325
19100,"Dallas-Fort Worth-Arlington, TX",Metropolitan Statistical Area,Arlington,48,04000
19100,"Dallas-Fort Worth-Arlington, TX",Metropolitan Statistical Area,Dallas,48,19000
19100,"Dallas-Fort Worth-Arlington, TX",Metropolitan Statistical Area,Denton,48,19972
19100,"Dallas-Fort Worth-Arlington, TX",Metropolitan Statistical Area,Fort Worth,48,27000
19100,"Dallas-Fort Worth-Arlington, TX",Metropolitan Statistical Area,Grapevine,48,30644
19100,"Dallas-Fort Worth-Arlington, TX",Metropolitan Statistical Area,Irving,48,37000
19100,"Dallas-Fort Worth-Arlington, TX",Metropolitan Statistical Area,Plano,48,58016
19100,"Dallas-Fort Worth-Arlington, TX",Metropolitan Statistical Area,Richardson,48,61796
19140,"Dalton, GA",Metropolitan Statistical Area,Dalton,13,21380
19180,"Danville, IL",Metropolitan Statistical Area,Danville,17,18563
19220,"Danville, KY",Micropolitan Statistical Area,Danville,21,19882
19260,"Danville, VA",Micropolitan Statistical Area,Danville,51,21344
19300,"Daphne-Fairhope-Foley, AL",Metropolitan Statistical Area,Daphne,01,19648
19300,"Daphne-Fairhope-Foley, AL",Metropolitan Statistical Area,Fairhope,01,25240
19300,"Daphne-Fairhope-Foley, AL",Metropolitan Statistical Area,Foley,01,26992
19300,"Daphne-Fairhope-Foley, AL",Metropolitan Statistical Area,Gulf Shores,01,32272
19340,"Davenport-Moline-Rock Island, IA-IL",Metropolitan Statistical Area,Moline,17,49867
19340,"Davenport-Moline-Rock Island, IA-IL",Metropolitan Statistical Area,Rock Island,17,65078
19340,"Davenport-Moline-Rock Island, IA-IL",Metropolitan Statistical Area,Davenport,19,19000
19420,"Dayton, TN",Micropolitan Statistical Area,Dayton,47,19700
19430,"Dayton-Kettering, OH",Metropolitan Statistical Area,Dayton,39,21000
19430,"Dayton-Kettering, OH",Metropolitan Statistical Area,Kettering,39,40040
19460,"Decatur, AL",Metropolitan Statistical Area,Decatur,01,20104
19500,"Decatur, IL",Metropolitan Statistical Area,Decatur,17,18823
19540,"Decatur, IN",Micropolitan Statistical Area,Decatur,18,17074
19580,"Defiance, OH",Micropolitan Statistical Area,Defiance,39,21308
19620,"Del Rio, TX",Micropolitan Statistical Area,Del Rio,48,19792
19660,"Deltona-Daytona Beach-Ormond Beach, FL",Metropolitan Statistical Area,Daytona Beach,12,16525
19660,"Deltona-Daytona Beach-Ormond Beach, FL",Metropolitan Statistical Area,DeLand,12,16875
19660,"Deltona-Daytona Beach-Ormond Beach, FL",Metropolitan Statistical Area,Deltona,12,17200
19660,"Deltona-Daytona Beach-Ormond Beach, FL",Metropolitan Statistical Area,Ormond Beach,12,53150
19700,"Deming, NM",Micropolitan Statistical Area,Deming,35,20270
19740,"Denver-Aurora-Lakewood, CO",Metropolitan Statistical Area,Aurora,08,04000
19740,"Denver-Aurora-Lakewood, CO",Metropolitan Statistical Area,Broomfield,08,09280
19740,"Denver-Aurora-Lakewood, CO",Metropolitan Statistical Area,Centennial,08,12815
19740,"Denver-Aurora-Lakewood, CO",Metropolitan Statistical Area,Commerce City,08,16495
19740,"Denver-Aurora-Lakewood, CO",Metropolitan Statistical Area,Denver,08,20000
19740,"Denver-Aurora-Lakewood, CO",Metropolitan Statistical Area,Lakewood,08,43000
19760,"DeRidder, LA",Micropolitan Statistical Area,DeRidder,22,20610
19780,"Des Moines-West Des Moines, IA",Metropolitan Statistical Area,Des Moines,19,21000
19780,"Des Moines-West Des Moines, IA",Metropolitan Statistical Area,West Des Moines,19,83910
19820,"Detroit-Warren-Dearborn, MI",Metropolitan Statistical Area,Dearborn,26,21000
19820,"Detroit-Warren-Dearborn, MI",Metropolitan Statistical Area,Detroit,26,22000
19820,"Detroit-Warren-Dearborn, MI",Metropolitan Statistical Area,Farmington Hills,26,27440
19820,"Detroit-Warren-Dearborn, MI",Metropolitan Statistical Area,Livonia,26,49000
19820,"Detroit-Warren-Dearborn, MI",Metropolitan Statistical Area,Novi,26,59440
19820,"Detroit-Warren-Dearborn, MI",Metropolitan Statistical Area,Pontiac,26,65440
19820,"Detroit-Warren-Dearborn, MI",Metropolitan Statistical Area,Southfield,26,74900
19820,"Detroit-Warren-Dearborn, MI",Metropolitan Statistical Area,Taylor,26,79000
19820,"Detroit-Warren-Dearborn, MI",Metropolitan Statistical Area,Troy,26,80700
19820,"Detroit-Warren-Dearborn, MI",Metropolitan Statistical Area,Warren,26,84000
19860,"Dickinson, ND",Micropolitan Statistical Area,Dickinson,38,19620
19940,"Dixon, IL",Micropolitan Statistical Area,Dixon,17,20162
19980,"Dodge City, KS",Micropolitan Statistical Area,Dodge City,20,18250
20020,"Dothan, AL",Metropolitan Statistical Area,Dothan,01,21184
20060,"Douglas, GA",Micropolitan Statistical Area,Douglas,13,23872
20100,"Dover, DE",Metropolitan Statistical Area,Dover,10,21200
20140,"Dublin, GA",Micropolitan Statistical Area,Dublin,13,24376
20180,"DuBois, PA",Micropolitan Statistical Area,DuBois,42,20136
20220,"Dubuque, IA",Metropolitan Statistical Area,Dubuque,19,22395
20260,"Duluth, MN-WI",Metropolitan Statistical Area,Duluth,27,17000
20300,"Dumas, TX",Micropolitan Statistical Area,Dumas,48,21556
20340,"Duncan, OK",Micropolitan Statistical Area,Duncan,40,21900
20420,"Durango, CO",Micropolitan Statistical Area,Durango,08,22035
20460,"Durant, OK",Micropolitan Statistical Area,Durant,40,22050
20500,"Durham-Chapel Hill, NC",Metropolitan Statistical Area,Chapel Hill,37,11800
20500,"Durham-Chapel Hill, NC",Metropolitan Statistical Area,Durham,37,19000
20540,"Dyersburg, TN",Micropolitan Statistical Area,Dyersburg,47,22200
20580,"Eagle Pass, TX",Micropolitan Statistical Area,Eagle Pass,48,21892
20660,"Easton, MD",Micropolitan Statistical Area,Easton,24,24475
20700,"East Stroudsburg, PA",Metropolitan Statistical Area,East Stroudsburg,42,21872
20740,"Eau Claire, WI",Metropolitan Statistical Area,Eau Claire,55,22300
20780,"Edwards, CO",Micropolitan Statistical Area,Edwards,08,23300
20820,"Effingham, IL",Micropolitan Statistical Area,Effingham,17,22736
20900,"El Campo, TX",Micropolitan Statistical Area,El Campo,48,22864
20940,"El Centro, CA",Metropolitan Statistical Area,El Centro,06,21782
20980,"El Dorado, AR",Micropolitan Statistical Area,El Dorado,05,21070
21020,"Elizabeth City, NC",Micropolitan Statistical Area,Elizabeth City,37,20580
21060,"Elizabethtown-Fort Knox, KY",Metropolitan Statistical Area,Elizabethtown,21,24274
21060,"Elizabethtown-Fort Knox, KY",Metropolitan Statistical Area,Fort Knox,21,28540
21120,"Elk City, OK",Micropolitan Statistical Area,Elk City,40,23500
21140,"Elkhart-Goshen, IN",Metropolitan Statistical Area,Elkhart,18,20728
21140,"Elkhart-Goshen, IN",Metropolitan Statistical Area,Goshen,18,28386
21180,"Elkins, WV",Micropolitan Statistical Area,Elkins,54,24580
21220,"Elko, NV",Micropolitan Statistical Area,Elko,32,22500
21260,"Ellensburg, WA",Micropolitan Statistical Area,Ellensburg,53,21240
21300,"Elmira, NY",Metropolitan Statistical Area,Elmira,36,24229
21340,"El Paso, TX",Metropolitan Statistical Area,El Paso,48,24000
21380,"Emporia, KS",Micropolitan Statistical Area,Emporia,20,21275
21420,"Enid, OK",Metropolitan Statistical Area,Enid,40,23950
21460,"Enterprise, AL",Micropolitan Statistical Area,Enterprise,01,24184
21500,"Erie, PA",Metropolitan Statistical Area,Erie,42,24000
21540,"Escanaba, MI",Micropolitan Statistical Area,Escanaba,26,26360
21580,"Espa�ola, NM",Micropolitan Statistical Area,Espa�ola,35,25170
21640,"Eufaula, AL-GA",Micropolitan Statistical Area,Eufaula,01,24568
21660,"Eugene-Springfield, OR",Metropolitan Statistical Area,Eugene,41,23850
21660,"Eugene-Springfield, OR",Metropolitan Statistical Area,Springfield,41,69600
21700,"Eureka-Arcata, CA",Micropolitan Statistical Area,Arcata,06,02476
21700,"Eureka-Arcata, CA",Micropolitan Statistical Area,Eureka,06,23042
21740,"Evanston, WY",Micropolitan Statistical Area,Evanston,56,25620
21780,"Evansville, IN-KY",Metropolitan Statistical Area,Evansville,18,22000
21820,"Fairbanks, AK",Metropolitan Statistical Area,Fairbanks,02,24230
21840,"Fairfield, IA",Micropolitan Statistical Area,Fairfield,19,26445
21860,"Fairmont, MN",Micropolitan Statistical Area,Fairmont,27,20330
21900,"Fairmont, WV",Micropolitan Statistical Area,Fairmont,54,26452
21980,"Fallon, NV",Micropolitan Statistical Area,Fallon,32,24100
22020,"Fargo, ND-MN",Metropolitan Statistical Area,Fargo,38,25700
22060,"Faribault-Northfield, MN",Micropolitan Statistical Area,Faribault,27,20546
22060,"Faribault-Northfield, MN",Micropolitan Statistical Area,Northfield,27,46924
22100,"Farmington, MO",Micropolitan Statistical Area,Farmington,29,23752
22140,"Farmington, NM",Metropolitan Statistical Area,Farmington,35,25800
22180,"Fayetteville, NC",Metropolitan Statistical Area,Fayetteville,37,22920
22220,"Fayetteville-Springdale-Rogers, AR",Metropolitan Statistical Area,Bentonville,05,05320
22220,"Fayetteville-Springdale-Rogers, AR",Metropolitan Statistical Area,Fayetteville,05,23290
22220,"Fayetteville-Springdale-Rogers, AR",Metropolitan Statistical Area,Rogers,05,60410
22220,"Fayetteville-Springdale-Rogers, AR",Metropolitan Statistical Area,Springdale,05,66080
22260,"Fergus Falls, MN",Micropolitan Statistical Area,Fergus Falls,27,20906
22280,"Fernley, NV",Micropolitan Statistical Area,Fernley,32,24900
22300,"Findlay, OH",Micropolitan Statistical Area,Findlay,39,27048
22340,"Fitzgerald, GA",Micropolitan Statistical Area,Fitzgerald,13,29528
22380,"Flagstaff, AZ",Metropolitan Statistical Area,Flagstaff,04,23620
22420,"Flint, MI",Metropolitan Statistical Area,Flint,26,29000
22500,"Florence, SC",Metropolitan Statistical Area,Florence,45,25810
22520,"Florence-Muscle Shoals, AL",Metropolitan Statistical Area,Florence,01,26896
22520,"Florence-Muscle Shoals, AL",Metropolitan Statistical Area,Muscle Shoals,01,53016
22540,"Fond du Lac, WI",Metropolitan Statistical Area,Fond du Lac,55,26275
22580,"Forest City, NC",Micropolitan Statistical Area,Forest City,37,24080
22620,"Forrest City, AR",Micropolitan Statistical Area,Forrest City,05,24430
22660,"Fort Collins, CO",Metropolitan Statistical Area,Fort Collins,08,27425
22700,"Fort Dodge, IA",Micropolitan Statistical Area,Fort Dodge,19,28515
22780,"Fort Leonard Wood, MO",Micropolitan Statistical Area,Fort Leonard Wood,29,25264
22800,"Fort Madison-Keokuk, IA-IL-MO",Micropolitan Statistical Area,Fort Madison,19,28605
22800,"Fort Madison-Keokuk, IA-IL-MO",Micropolitan Statistical Area,Keokuk,19,40845
22820,"Fort Morgan, CO",Micropolitan Statistical Area,Fort Morgan,08,27810
22840,"Fort Payne, AL",Micropolitan Statistical Area,Fort Payne,01,27616
22860,"Fort Polk South, LA",Micropolitan Statistical Area,Fort Polk South,22,26757
22900,"Fort Smith, AR-OK",Metropolitan Statistical Area,Fort Smith,05,24550
23060,"Fort Wayne, IN",Metropolitan Statistical Area,Fort Wayne,18,25000
23140,"Frankfort, IN",Micropolitan Statistical Area,Frankfort,18,25324
23180,"Frankfort, KY",Micropolitan Statistical Area,Frankfort,21,28900
23240,"Fredericksburg, TX",Micropolitan Statistical Area,Fredericksburg,48,27348
23300,"Freeport, IL",Micropolitan Statistical Area,Freeport,17,27884
23340,"Fremont, NE",Micropolitan Statistical Area,Fremont,31,17670
23380,"Fremont, OH",Micropolitan Statistical Area,Fremont,39,28826
23420,"Fresno, CA",Metropolitan Statistical Area,Fresno,06,27000
23460,"Gadsden, AL",Metropolitan Statistical Area,Gadsden,01,28696
23500,"Gaffney, SC",Micropolitan Statistical Area,Gaffney,45,28060
23540,"Gainesville, FL",Metropolitan Statistical Area,Gainesville,12,25175
23580,"Gainesville, GA",Metropolitan Statistical Area,Gainesville,13,31908
23620,"Gainesville, TX",Micropolitan Statistical Area,Gainesville,48,27984
23660,"Galesburg, IL",Micropolitan Statistical Area,Galesburg,17,28326
23700,"Gallup, NM",Micropolitan Statistical Area,Gallup,35,28460
23780,"Garden City, KS",Micropolitan Statistical Area,Garden City,20,25325
23820,"Gardnerville Ranchos, NV",Micropolitan Statistical Area,Gardnerville Ranchos,32,26500
23860,"Georgetown, SC",Micropolitan Statistical Area,Georgetown,45,28870
23900,"Gettysburg, PA",Metropolitan Statistical Area,Gettysburg,42,28960
23940,"Gillette, WY",Micropolitan Statistical Area,Gillette,56,31855
23980,"Glasgow, KY",Micropolitan Statistical Area,Glasgow,21,31114
24020,"Glens Falls, NY",Metropolitan Statistical Area,Glens Falls,36,29333
24060,"Glenwood Springs, CO",Micropolitan Statistical Area,Glenwood Springs,08,30780
24100,"Gloversville, NY",Micropolitan Statistical Area,Gloversville,36,29443
24140,"Goldsboro, NC",Metropolitan Statistical Area,Goldsboro,37,26880
24180,"Granbury, TX",Micropolitan Statistical Area,Granbury,48,30416
24220,"Grand Forks, ND-MN",Metropolitan Statistical Area,Grand Forks,38,32060
24260,"Grand Island, NE",Metropolitan Statistical Area,Grand Island,31,19595
24300,"Grand Junction, CO",Metropolitan Statistical Area,Grand Junction,08,31660
24330,"Grand Rapids, MN",Micropolitan Statistical Area,Grand Rapids,27,25118
24340,"Grand Rapids-Kentwood, MI",Metropolitan Statistical Area,Grand Rapids,26,34000
24340,"Grand Rapids-Kentwood, MI",Metropolitan Statistical Area,Kentwood,26,42820
24380,"Grants, NM",Micropolitan Statistical Area,Grants,35,30490
24420,"Grants Pass, OR",Metropolitan Statistical Area,Grants Pass,41,30550
24460,"Great Bend, KS",Micropolitan Statistical Area,Great Bend,20,28300
24500,"Great Falls, MT",Metropolitan Statistical Area,Great Falls,30,32800
24540,"Greeley, CO",Metropolitan Statistical Area,Greeley,08,32155
24580,"Green Bay, WI",Metropolitan Statistical Area,Green Bay,55,31000
24620,"Greeneville, TN",Micropolitan Statistical Area,Greeneville,47,30980
24660,"Greensboro-High Point, NC",Metropolitan Statistical Area,Greensboro,37,28000
24660,"Greensboro-High Point, NC",Metropolitan Statistical Area,High Point,37,31400
24700,"Greensburg, IN",Micropolitan Statistical Area,Greensburg,18,29718
24740,"Greenville, MS",Micropolitan Statistical Area,Greenville,28,29180
24780,"Greenville, NC",Metropolitan Statistical Area,Greenville,37,28080
24820,"Greenville, OH",Micropolitan Statistical Area,Greenville,39,32340
24860,"Greenville-Anderson, SC",Metropolitan Statistical Area,Anderson,45,01360
24860,"Greenville-Anderson, SC",Metropolitan Statistical Area,Greenville,45,30850
24900,"Greenwood, MS",Micropolitan Statistical Area,Greenwood,28,29340
24940,"Greenwood, SC",Micropolitan Statistical Area,Greenwood,45,30895
24980,"Grenada, MS",Micropolitan Statistical Area,Grenada,28,29460
25020,"Guayama, PR",Metropolitan Statistical Area,Guayama,72,32221
25060,"Gulfport-Biloxi, MS",Metropolitan Statistical Area,Biloxi,28,06220
25060,"Gulfport-Biloxi, MS",Metropolitan Statistical Area,Gulfport,28,29700
25100,"Guymon, OK",Micropolitan Statistical Area,Guymon,40,31750
25180,"Hagerstown-Martinsburg, MD-WV",Metropolitan Statistical Area,Hagerstown,24,36075
25180,"Hagerstown-Martinsburg, MD-WV",Metropolitan Statistical Area,Martinsburg,54,52060
25200,"Hailey, ID",Micropolitan Statistical Area,Hailey,16,34390
25220,"Hammond, LA",Metropolitan Statistical Area,Hammond,22,32755
25260,"Hanford-Corcoran, CA",Metropolitan Statistical Area,Corcoran,06,16224
25260,"Hanford-Corcoran, CA",Metropolitan Statistical Area,Hanford,06,31960
25300,"Hannibal, MO",Micropolitan Statistical Area,Hannibal,29,30214
25420,"Harrisburg-Carlisle, PA",Metropolitan Statistical Area,Carlisle,42,11272
25420,"Harrisburg-Carlisle, PA",Metropolitan Statistical Area,Harrisburg,42,32800
25460,"Harrison, AR",Micropolitan Statistical Area,Harrison,05,30460
25500,"Harrisonburg, VA",Metropolitan Statistical Area,Harrisonburg,51,35624
25540,"Hartford-East Hartford-Middletown, CT",Metropolitan Statistical Area,East Hartford,09,22700
25540,"Hartford-East Hartford-Middletown, CT",Metropolitan Statistical Area,Hartford,09,37000
25540,"Hartford-East Hartford-Middletown, CT",Metropolitan Statistical Area,Middletown,09,47290
25580,"Hastings, NE",Micropolitan Statistical Area,Hastings,31,21415
25620,"Hattiesburg, MS",Metropolitan Statistical Area,Hattiesburg,28,31020
25700,"Hays, KS",Micropolitan Statistical Area,Hays,20,31100
25720,"Heber, UT",Micropolitan Statistical Area,Heber,49,34200
25740,"Helena, MT",Micropolitan Statistical Area,Helena,30,35600
25760,"Helena-West Helena, AR",Micropolitan Statistical Area,Helena-West Helena,05,31190
25780,"Henderson, NC",Micropolitan Statistical Area,Henderson,37,30660
25820,"Hereford, TX",Micropolitan Statistical Area,Hereford,48,33320
25840,"Hermiston-Pendleton, OR",Micropolitan Statistical Area,Hermiston,41,33700
25840,"Hermiston-Pendleton, OR",Micropolitan Statistical Area,Pendleton,41,57150
25860,"Hickory-Lenoir-Morganton, NC",Metropolitan Statistical Area,Hickory,37,31060
25860,"Hickory-Lenoir-Morganton, NC",Metropolitan Statistical Area,Lenoir,37,37760
25860,"Hickory-Lenoir-Morganton, NC",Metropolitan Statistical Area,Morganton,37,44400
25880,"Hillsdale, MI",Micropolitan Statistical Area,Hillsdale,26,38460
25900,"Hilo, HI",Micropolitan Statistical Area,Hilo,15,14650
25940,"Hilton Head Island-Bluffton, SC",Metropolitan Statistical Area,Bluffton,45,07210
25940,"Hilton Head Island-Bluffton, SC",Metropolitan Statistical Area,Hilton Head Island,45,34045
25980,"Hinesville, GA",Metropolitan Statistical Area,Hinesville,13,38964
26020,"Hobbs, NM",Micropolitan Statistical Area,Hobbs,35,32520
26090,"Holland, MI",Micropolitan Statistical Area,Holland,26,38640
26140,"Homosassa Springs, FL",Metropolitan Statistical Area,Homosassa Springs,12,32400
26220,"Hood River, OR",Micropolitan Statistical Area,Hood River,41,34900
26260,"Hope, AR",Micropolitan Statistical Area,Hope,05,33190
26300,"Hot Springs, AR",Metropolitan Statistical Area,Hot Springs,05,33400
26340,"Houghton, MI",Micropolitan Statistical Area,Houghton,26,39360
26380,"Houma-Thibodaux, LA",Metropolitan Statistical Area,Houma,22,36255
26380,"Houma-Thibodaux, LA",Metropolitan Statistical Area,Thibodaux,22,75425
26420,"Houston-The Woodlands-Sugar Land, TX",Metropolitan Statistical Area,Baytown,48,06128
26420,"Houston-The Woodlands-Sugar Land, TX",Metropolitan Statistical Area,Conroe,48,16432
26420,"Houston-The Woodlands-Sugar Land, TX",Metropolitan Statistical Area,Galveston,48,28068
26420,"Houston-The Woodlands-Sugar Land, TX",Metropolitan Statistical Area,Houston,48,35000
26420,"Houston-The Woodlands-Sugar Land, TX",Metropolitan Statistical Area,Sugar Land,48,70808
26420,"Houston-The Woodlands-Sugar Land, TX",Metropolitan Statistical Area,The Woodlands,48,72656
26460,"Hudson, NY",Micropolitan Statistical Area,Hudson,36,35969
26500,"Huntingdon, PA",Micropolitan Statistical Area,Huntingdon,42,36368
26540,"Huntington, IN",Micropolitan Statistical Area,Huntington,18,35302
26580,"Huntington-Ashland, WV-KY-OH",Metropolitan Statistical Area,Ashland,21,02368
26580,"Huntington-Ashland, WV-KY-OH",Metropolitan Statistical Area,Huntington,54,39460
26620,"Huntsville, AL",Metropolitan Statistical Area,Huntsville,01,37000
26660,"Huntsville, TX",Micropolitan Statistical Area,Huntsville,48,35528
26700,"Huron, SD",Micropolitan Statistical Area,Huron,46,31060
26740,"Hutchinson, KS",Micropolitan Statistical Area,Hutchinson,20,33625
26780,"Hutchinson, MN",Micropolitan Statistical Area,Hutchinson,27,30644
26820,"Idaho Falls, ID",Metropolitan Statistical Area,Idaho Falls,16,39700
26860,"Indiana, PA",Micropolitan Statistical Area,Indiana,42,36816
26900,"Indianapolis-Carmel-Anderson, IN",Metropolitan Statistical Area,Anderson,18,01468
26900,"Indianapolis-Carmel-Anderson, IN",Metropolitan Statistical Area,Carmel,18,10342
26900,"Indianapolis-Carmel-Anderson, IN",Metropolitan Statistical Area,Indianapolis city (balance),18,36003
26940,"Indianola, MS",Micropolitan Statistical Area,Indianola,28,34740
26980,"Iowa City, IA",Metropolitan Statistical Area,Iowa City,19,38595
27020,"Iron Mountain, MI-WI",Micropolitan Statistical Area,Iron Mountain,26,40960
27060,"Ithaca, NY",Metropolitan Statistical Area,Ithaca,36,38077
27100,"Jackson, MI",Metropolitan Statistical Area,Jackson,26,41420
27140,"Jackson, MS",Metropolitan Statistical Area,Jackson,28,36000
27160,"Jackson, OH",Micropolitan Statistical Area,Jackson,39,37842
27180,"Jackson, TN",Metropolitan Statistical Area,Jackson,47,37640
27220,"Jackson, WY-ID",Micropolitan Statistical Area,Jackson,56,40120
27260,"Jacksonville, FL",Metropolitan Statistical Area,Jacksonville,12,35000
27300,"Jacksonville, IL",Micropolitan Statistical Area,Jacksonville,17,38115
27340,"Jacksonville, NC",Metropolitan Statistical Area,Jacksonville,37,34200
27380,"Jacksonville, TX",Micropolitan Statistical Area,Jacksonville,48,37216
27420,"Jamestown, ND",Micropolitan Statistical Area,Jamestown,38,40580
27460,"Jamestown-Dunkirk-Fredonia, NY",Micropolitan Statistical Area,Dunkirk,36,21105
27460,"Jamestown-Dunkirk-Fredonia, NY",Micropolitan Statistical Area,Fredonia,36,27419
27460,"Jamestown-Dunkirk-Fredonia, NY",Micropolitan Statistical Area,Jamestown,36,38264
27500,"Janesville-Beloit, WI",Metropolitan Statistical Area,Beloit,55,06500
27500,"Janesville-Beloit, WI",Metropolitan Statistical Area,Janesville,55,37825
27530,"Jasper, AL",Micropolitan Statistical Area,Jasper,01,38416
27540,"Jasper, IN",Micropolitan Statistical Area,Jasper,18,37782
27580,"Jayuya, PR",Micropolitan Statistical Area,Jayuya,72,38370
27600,"Jefferson, GA",Micropolitan Statistical Area,Jefferson,13,41988
27620,"Jefferson City, MO",Metropolitan Statistical Area,Jefferson City,29,37000
27660,"Jennings, LA",Micropolitan Statistical Area,Jennings,22,38355
27700,"Jesup, GA",Micropolitan Statistical Area,Jesup,13,42268
27740,"Johnson City, TN",Metropolitan Statistical Area,Johnson City,47,38320
27780,"Johnstown, PA",Metropolitan Statistical Area,Johnstown,42,38288
27860,"Jonesboro, AR",Metropolitan Statistical Area,Jonesboro,05,35710
27900,"Joplin, MO",Metropolitan Statistical Area,Joplin,29,37592
27940,"Juneau, AK",Micropolitan Statistical Area,Juneau,02,36400
27980,"Kahului-Wailuku-Lahaina, HI",Metropolitan Statistical Area,Kahului,15,22700
27980,"Kahului-Wailuku-Lahaina, HI",Metropolitan Statistical Area,Lahaina,15,42950
27980,"Kahului-Wailuku-Lahaina, HI",Metropolitan Statistical Area,Wailuku,15,77450
28020,"Kalamazoo-Portage, MI",Metropolitan Statistical Area,Kalamazoo,26,42160
28020,"Kalamazoo-Portage, MI",Metropolitan Statistical Area,Portage,26,65560
28060,"Kalispell, MT",Micropolitan Statistical Area,Kalispell,30,40075
28100,"Kankakee, IL",Metropolitan Statistical Area,Kankakee,17,38934
28140,"Kansas City, MO-KS",Metropolitan Statistical Area,Kansas City,20,36000
28140,"Kansas City, MO-KS",Metropolitan Statistical Area,Lenexa,20,39350
28140,"Kansas City, MO-KS",Metropolitan Statistical Area,Overland Park,20,53775
28140,"Kansas City, MO-KS",Metropolitan Statistical Area,Kansas City,29,38000
28180,"Kapaa, HI",Micropolitan Statistical Area,Kapaa,15,28850
28260,"Kearney, NE",Micropolitan Statistical Area,Kearney,31,25055
28300,"Keene, NH",Micropolitan Statistical Area,Keene,33,39300
28340,"Kendallville, IN",Micropolitan Statistical Area,Kendallville,18,39402
28380,"Kennett, MO",Micropolitan Statistical Area,Kennett,29,38306
28420,"Kennewick-Richland, WA",Metropolitan Statistical Area,Kennewick,53,35275
28420,"Kennewick-Richland, WA",Metropolitan Statistical Area,Richland,53,58235
28500,"Kerrville, TX",Micropolitan Statistical Area,Kerrville,48,39040
28540,"Ketchikan, AK",Micropolitan Statistical Area,Ketchikan,02,38970
28580,"Key West, FL",Micropolitan Statistical Area,Key West,12,36550
28620,"Kill Devil Hills, NC",Micropolitan Statistical Area,Kill Devil Hills,37,35720
28660,"Killeen-Temple, TX",Metropolitan Statistical Area,Killeen,48,39148
28660,"Killeen-Temple, TX",Metropolitan Statistical Area,Temple,48,72176
28700,"Kingsport-Bristol, TN-VA",Metropolitan Statistical Area,Bristol,47,08540
28700,"Kingsport-Bristol, TN-VA",Metropolitan Statistical Area,Kingsport,47,39560
28740,"Kingston, NY",Metropolitan Statistical Area,Kingston,36,39727
28780,"Kingsville, TX",Micropolitan Statistical Area,Kingsville,48,39352
28820,"Kinston, NC",Micropolitan Statistical Area,Kinston,37,35920
28860,"Kirksville, MO",Micropolitan Statistical Area,Kirksville,29,39026
28900,"Klamath Falls, OR",Micropolitan Statistical Area,Klamath Falls,41,39700
28940,"Knoxville, TN",Metropolitan Statistical Area,Knoxville,47,40000
29020,"Kokomo, IN",Metropolitan Statistical Area,Kokomo,18,40392
29060,"Laconia, NH",Micropolitan Statistical Area,Laconia,33,40180
29100,"La Crosse-Onalaska, WI-MN",Metropolitan Statistical Area,La Crosse,55,40775
29100,"La Crosse-Onalaska, WI-MN",Metropolitan Statistical Area,Onalaska,55,59925
29180,"Lafayette, LA",Metropolitan Statistical Area,Lafayette,22,40735
29200,"Lafayette-West Lafayette, IN",Metropolitan Statistical Area,Lafayette,18,40788
29200,"Lafayette-West Lafayette, IN",Metropolitan Statistical Area,West Lafayette,18,82862
29260,"La Grande, OR",Micropolitan Statistical Area,La Grande,41,40350
29300,"LaGrange, GA-AL",Micropolitan Statistical Area,LaGrange,13,44340
29340,"Lake Charles, LA",Metropolitan Statistical Area,Lake Charles,22,41155
29380,"Lake City, FL",Micropolitan Statistical Area,Lake City,12,37775
29420,"Lake Havasu City-Kingman, AZ",Metropolitan Statistical Area,Kingman,04,37620
29420,"Lake Havasu City-Kingman, AZ",Metropolitan Statistical Area,Lake Havasu City,04,39370
29460,"Lakeland-Winter Haven, FL",Metropolitan Statistical Area,Lakeland,12,38250
29460,"Lakeland-Winter Haven, FL",Metropolitan Statistical Area,Winter Haven,12,78275
29500,"Lamesa, TX",Micropolitan Statistical Area,Lamesa,48,41164
29540,"Lancaster, PA",Metropolitan Statistical Area,Lancaster,42,41216
29620,"Lansing-East Lansing, MI",Metropolitan Statistical Area,East Lansing,26,24120
29620,"Lansing-East Lansing, MI",Metropolitan Statistical Area,Lansing,26,46000
29660,"Laramie, WY",Micropolitan Statistical Area,Laramie,56,45050
29700,"Laredo, TX",Metropolitan Statistical Area,Laredo,48,41464
29740,"Las Cruces, NM",Metropolitan Statistical Area,Las Cruces,35,39380
29780,"Las Vegas, NM",Micropolitan Statistical Area,Las Vegas,35,39940
29820,"Las Vegas-Henderson-Paradise, NV",Metropolitan Statistical Area,Henderson,32,31900
29820,"Las Vegas-Henderson-Paradise, NV",Metropolitan Statistical Area,Las Vegas,32,40000
29820,"Las Vegas-Henderson-Paradise, NV",Metropolitan Statistical Area,Paradise,32,54600
29860,"Laurel, MS",Micropolitan Statistical Area,Laurel,28,39640
29900,"Laurinburg, NC",Micropolitan Statistical Area,Laurinburg,37,37220
29940,"Lawrence, KS",Metropolitan Statistical Area,Lawrence,20,38900
29980,"Lawrenceburg, TN",Micropolitan Statistical Area,Lawrenceburg,47,41340
30020,"Lawton, OK",Metropolitan Statistical Area,Lawton,40,41850
30060,"Lebanon, MO",Micropolitan Statistical Area,Lebanon,29,41168
30100,"Lebanon, NH-VT",Micropolitan Statistical Area,Lebanon,33,41300
30140,"Lebanon, PA",Metropolitan Statistical Area,Lebanon,42,42168
30220,"Levelland, TX",Micropolitan Statistical Area,Levelland,48,42448
30260,"Lewisburg, PA",Micropolitan Statistical Area,Lewisburg,42,42976
30280,"Lewisburg, TN",Micropolitan Statistical Area,Lewisburg,47,41860
30300,"Lewiston, ID-WA",Metropolitan Statistical Area,Lewiston,16,46540
30340,"Lewiston-Auburn, ME",Metropolitan Statistical Area,Auburn,23,02060
30340,"Lewiston-Auburn, ME",Metropolitan Statistical Area,Lewiston,23,38740
30380,"Lewistown, PA",Micropolitan Statistical Area,Lewistown,42,43000
30420,"Lexington, NE",Micropolitan Statistical Area,Lexington,31,26910
30460,"Lexington-Fayette, KY",Metropolitan Statistical Area,Lexington-Fayette,21,46027
30580,"Liberal, KS",Micropolitan Statistical Area,Liberal,20,39825
30620,"Lima, OH",Metropolitan Statistical Area,Lima,39,43554
30660,"Lincoln, IL",Micropolitan Statistical Area,Lincoln,17,43536
30700,"Lincoln, NE",Metropolitan Statistical Area,Lincoln,31,28000
30780,"Little Rock-North Little Rock-Conway, AR",Metropolitan Statistical Area,Conway,05,15190
30780,"Little Rock-North Little Rock-Conway, AR",Metropolitan Statistical Area,Little Rock,05,41000
30780,"Little Rock-North Little Rock-Conway, AR",Metropolitan Statistical Area,North Little Rock,05,50450
30820,"Lock Haven, PA",Micropolitan Statistical Area,Lock Haven,42,44128
30860,"Logan, UT-ID",Metropolitan Statistical Area,Logan,49,45860
30900,"Logansport, IN",Micropolitan Statistical Area,Logansport,18,44658
30940,"London, KY",Micropolitan Statistical Area,London,21,47476
30980,"Longview, TX",Metropolitan Statistical Area,Longview,48,43888
31020,"Longview, WA",Metropolitan Statistical Area,Longview,53,40245
31060,"Los Alamos, NM",Micropolitan Statistical Area,Los Alamos,35,42320
31080,"Los Angeles-Long Beach-Anaheim, CA",Metropolitan Statistical Area,Anaheim,06,02000
31080,"Los Angeles-Long Beach-Anaheim, CA",Metropolitan Statistical Area,Arcadia,06,02462
31080,"Los Angeles-Long Beach-Anaheim, CA",Metropolitan Statistical Area,Burbank,06,08954
31080,"Los Angeles-Long Beach-Anaheim, CA",Metropolitan Statistical Area,Carson,06,11530
31080,"Los Angeles-Long Beach-Anaheim, CA",Metropolitan Statistical Area,Costa Mesa,06,16532
31080,"Los Angeles-Long Beach-Anaheim, CA",Metropolitan Statistical Area,Fountain Valley,06,25380
31080,"Los Angeles-Long Beach-Anaheim, CA",Metropolitan Statistical Area,Gardena,06,28168
31080,"Los Angeles-Long Beach-Anaheim, CA",Metropolitan Statistical Area,Glendale,06,30000
31080,"Los Angeles-Long Beach-Anaheim, CA",Metropolitan Statistical Area,Irvine,06,36770
31080,"Los Angeles-Long Beach-Anaheim, CA",Metropolitan Statistical Area,Long Beach,06,43000
31080,"Los Angeles-Long Beach-Anaheim, CA",Metropolitan Statistical Area,Los Angeles,06,44000
31080,"Los Angeles-Long Beach-Anaheim, CA",Metropolitan Statistical Area,Newport Beach,06,51182
31080,"Los Angeles-Long Beach-Anaheim, CA",Metropolitan Statistical Area,Orange,06,53980
31080,"Los Angeles-Long Beach-Anaheim, CA",Metropolitan Statistical Area,Pasadena,06,56000
31080,"Los Angeles-Long Beach-Anaheim, CA",Metropolitan Statistical Area,Santa Ana,06,69000
31080,"Los Angeles-Long Beach-Anaheim, CA",Metropolitan Statistical Area,Santa Monica,06,70000
31080,"Los Angeles-Long Beach-Anaheim, CA",Metropolitan Statistical Area,Torrance,06,80000
31080,"Los Angeles-Long Beach-Anaheim, CA",Metropolitan Statistical Area,Tustin,06,80854
31140,"Louisville/Jefferson County, KY-IN",Metropolitan Statistical Area,Louisville/Jefferson County metro government (balance),21,48006
31180,"Lubbock, TX",Metropolitan Statistical Area,Lubbock,48,45000
31220,"Ludington, MI",Micropolitan Statistical Area,Ludington,26,49640
31260,"Lufkin, TX",Micropolitan Statistical Area,Lufkin,48,45072
31300,"Lumberton, NC",Micropolitan Statistical Area,Lumberton,37,39700
31340,"Lynchburg, VA",Metropolitan Statistical Area,Lynchburg,51,47672
31380,"Macomb, IL",Micropolitan Statistical Area,Macomb,17,45889
31420,"Macon-Bibb County, GA",Metropolitan Statistical Area,Macon-Bibb County,13,49008
31460,"Madera, CA",Metropolitan Statistical Area,Madera,06,45022
31500,"Madison, IN",Micropolitan Statistical Area,Madison,18,45990
31540,"Madison, WI",Metropolitan Statistical Area,Madison,55,48000
31580,"Madisonville, KY",Micropolitan Statistical Area,Madisonville,21,49368
31620,"Magnolia, AR",Micropolitan Statistical Area,Magnolia,05,43460
31660,"Malone, NY",Micropolitan Statistical Area,Malone,36,44710
31680,"Malvern, AR",Micropolitan Statistical Area,Malvern,05,43610
31700,"Manchester-Nashua, NH",Metropolitan Statistical Area,Manchester,33,45140
31700,"Manchester-Nashua, NH",Metropolitan Statistical Area,Nashua,33,50260
31740,"Manhattan, KS",Metropolitan Statistical Area,Manhattan,20,44250
31820,"Manitowoc, WI",Micropolitan Statistical Area,Manitowoc,55,48500
31860,"Mankato, MN",Metropolitan Statistical Area,Mankato,27,39878
31900,"Mansfield, OH",Metropolitan Statistical Area,Mansfield,39,47138
31930,"Marietta, OH",Micropolitan Statistical Area,Marietta,39,47628
31940,"Marinette, WI-MI",Micropolitan Statistical Area,Marinette,55,49300
31980,"Marion, IN",Micropolitan Statistical Area,Marion,18,46908
32000,"Marion, NC",Micropolitan Statistical Area,Marion,37,41420
32020,"Marion, OH",Micropolitan Statistical Area,Marion,39,47754
32100,"Marquette, MI",Micropolitan Statistical Area,Marquette,26,51900
32140,"Marshall, MN",Micropolitan Statistical Area,Marshall,27,40688
32180,"Marshall, MO",Micropolitan Statistical Area,Marshall,29,46316
32260,"Marshalltown, IA",Micropolitan Statistical Area,Marshalltown,19,49755
32280,"Martin, TN",Micropolitan Statistical Area,Martin,47,46240
32300,"Martinsville, VA",Micropolitan Statistical Area,Martinsville,51,49784
32340,"Maryville, MO",Micropolitan Statistical Area,Maryville,29,46640
32380,"Mason City, IA",Micropolitan Statistical Area,Mason City,19,50160
32420,"Mayag�ez, PR",Metropolitan Statistical Area,Mayag�ez,72,52431
32460,"Mayfield, KY",Micropolitan Statistical Area,Mayfield,21,50898
32500,"Maysville, KY",Micropolitan Statistical Area,Maysville,21,51024
32540,"McAlester, OK",Micropolitan Statistical Area,McAlester,40,44800
32580,"McAllen-Edinburg-Mission, TX",Metropolitan Statistical Area,Edinburg,48,22660
32580,"McAllen-Edinburg-Mission, TX",Metropolitan Statistical Area,McAllen,48,45384
32580,"McAllen-Edinburg-Mission, TX",Metropolitan Statistical Area,Mission,48,48768
32620,"McComb, MS",Micropolitan Statistical Area,McComb,28,43280
32660,"McMinnville, TN",Micropolitan Statistical Area,McMinnville,47,45100
32700,"McPherson, KS",Micropolitan Statistical Area,McPherson,20,43950
32740,"Meadville, PA",Micropolitan Statistical Area,Meadville,42,48360
32780,"Medford, OR",Metropolitan Statistical Area,Medford,41,47000
32820,"Memphis, TN-MS-AR",Metropolitan Statistical Area,Memphis,47,48000
32860,"Menomonie, WI",Micropolitan Statistical Area,Menomonie,55,51025
32900,"Merced, CA",Metropolitan Statistical Area,Merced,06,46898
32940,"Meridian, MS",Micropolitan Statistical Area,Meridian,28,46640
33020,"Mexico, MO",Micropolitan Statistical Area,Mexico,29,47648
33060,"Miami, OK",Micropolitan Statistical Area,Miami,40,48000
33100,"Miami-Fort Lauderdale-Pompano Beach, FL",Metropolitan Statistical Area,Boca Raton,12,07300
33100,"Miami-Fort Lauderdale-Pompano Beach, FL",Metropolitan Statistical Area,Boynton Beach,12,07875
33100,"Miami-Fort Lauderdale-Pompano Beach, FL",Metropolitan Statistical Area,Coral Gables,12,14250
33100,"Miami-Fort Lauderdale-Pompano Beach, FL",Metropolitan Statistical Area,Deerfield Beach,12,16725
33100,"Miami-Fort Lauderdale-Pompano Beach, FL",Metropolitan Statistical Area,Delray Beach,12,17100
33100,"Miami-Fort Lauderdale-Pompano Beach, FL",Metropolitan Statistical Area,Doral,12,17935
33100,"Miami-Fort Lauderdale-Pompano Beach, FL",Metropolitan Statistical Area,Fort Lauderdale,12,24000
33100,"Miami-Fort Lauderdale-Pompano Beach, FL",Metropolitan Statistical Area,Jupiter,12,35875
33100,"Miami-Fort Lauderdale-Pompano Beach, FL",Metropolitan Statistical Area,Kendall,12,36100
33100,"Miami-Fort Lauderdale-Pompano Beach, FL",Metropolitan Statistical Area,Miami,12,45000
33100,"Miami-Fort Lauderdale-Pompano Beach, FL",Metropolitan Statistical Area,Miami Beach,12,45025
33100,"Miami-Fort Lauderdale-Pompano Beach, FL",Metropolitan Statistical Area,Palm Beach Gardens,12,54075
33100,"Miami-Fort Lauderdale-Pompano Beach, FL",Metropolitan Statistical Area,Pompano Beach,12,58050
33100,"Miami-Fort Lauderdale-Pompano Beach, FL",Metropolitan Statistical Area,Sunrise,12,69700
33100,"Miami-Fort Lauderdale-Pompano Beach, FL",Metropolitan Statistical Area,West Palm Beach,12,76600
33140,"Michigan City-La Porte, IN",Metropolitan Statistical Area,La Porte,18,42246
33140,"Michigan City-La Porte, IN",Metropolitan Statistical Area,Michigan City,18,48798
33180,"Middlesborough, KY",Micropolitan Statistical Area,Middlesborough,21,51924
33220,"Midland, MI",Metropolitan Statistical Area,Midland,26,53780
33260,"Midland, TX",Metropolitan Statistical Area,Midland,48,48072
33300,"Milledgeville, GA",Micropolitan Statistical Area,Milledgeville,13,51492
33340,"Milwaukee-Waukesha, WI",Metropolitan Statistical Area,Milwaukee,55,53000
33340,"Milwaukee-Waukesha, WI",Metropolitan Statistical Area,Waukesha,55,84250
33380,"Minden, LA",Micropolitan Statistical Area,Minden,22,50885
33420,"Mineral Wells, TX",Micropolitan Statistical Area,Mineral Wells,48,48684
33460,"Minneapolis-St. Paul-Bloomington, MN-WI",Metropolitan Statistical Area,Bloomington,27,06616
33460,"Minneapolis-St. Paul-Bloomington, MN-WI",Metropolitan Statistical Area,Eagan,27,17288
33460,"Minneapolis-St. Paul-Bloomington, MN-WI",Metropolitan Statistical Area,Eden Prairie,27,18116
33460,"Minneapolis-St. Paul-Bloomington, MN-WI",Metropolitan Statistical Area,Edina,27,18188
33460,"Minneapolis-St. Paul-Bloomington, MN-WI",Metropolitan Statistical Area,Minneapolis,27,43000
33460,"Minneapolis-St. Paul-Bloomington, MN-WI",Metropolitan Statistical Area,Minnetonka,27,43252
33460,"Minneapolis-St. Paul-Bloomington, MN-WI",Metropolitan Statistical Area,Plymouth,27,51730
33460,"Minneapolis-St. Paul-Bloomington, MN-WI",Metropolitan Statistical Area,St. Paul,27,58000
33500,"Minot, ND",Micropolitan Statistical Area,Minot,38,53380
33540,"Missoula, MT",Metropolitan Statistical Area,Missoula,30,50200
33580,"Mitchell, SD",Micropolitan Statistical Area,Mitchell,46,43100
33620,"Moberly, MO",Micropolitan Statistical Area,Moberly,29,49034
33660,"Mobile, AL",Metropolitan Statistical Area,Mobile,01,50000
33700,"Modesto, CA",Metropolitan Statistical Area,Modesto,06,48354
33740,"Monroe, LA",Metropolitan Statistical Area,Monroe,22,51410
33780,"Monroe, MI",Metropolitan Statistical Area,Monroe,26,55020
33860,"Montgomery, AL",Metropolitan Statistical Area,Montgomery,01,51000
33940,"Montrose, CO",Micropolitan Statistical Area,Montrose,08,51745
33980,"Morehead City, NC",Micropolitan Statistical Area,Morehead City,37,44320
34020,"Morgan City, LA",Micropolitan Statistical Area,Morgan City,22,52040
34060,"Morgantown, WV",Metropolitan Statistical Area,Morgantown,54,55756
34100,"Morristown, TN",Metropolitan Statistical Area,Morristown,47,50280
34140,"Moscow, ID",Micropolitan Statistical Area,Moscow,16,54550
34180,"Moses Lake, WA",Micropolitan Statistical Area,Moses Lake,53,47245
34220,"Moultrie, GA",Micropolitan Statistical Area,Moultrie,13,53060
34260,"Mountain Home, AR",Micropolitan Statistical Area,Mountain Home,05,47390
34300,"Mountain Home, ID",Micropolitan Statistical Area,Mountain Home,16,54730
34340,"Mount Airy, NC",Micropolitan Statistical Area,Mount Airy,37,44800
34350,"Mount Gay-Shamrock, WV",Micropolitan Statistical Area,Mount Gay-Shamrock,54,56342
34380,"Mount Pleasant, MI",Micropolitan Statistical Area,Mount Pleasant,26,56020
34420,"Mount Pleasant, TX",Micropolitan Statistical Area,Mount Pleasant,48,49800
34460,"Mount Sterling, KY",Micropolitan Statistical Area,Mount Sterling,21,54084
34500,"Mount Vernon, IL",Micropolitan Statistical Area,Mount Vernon,17,51180
34540,"Mount Vernon, OH",Micropolitan Statistical Area,Mount Vernon,39,53102
34580,"Mount Vernon-Anacortes, WA",Metropolitan Statistical Area,Anacortes,53,01990
34580,"Mount Vernon-Anacortes, WA",Metropolitan Statistical Area,Mount Vernon,53,47560
34620,"Muncie, IN",Metropolitan Statistical Area,Muncie,18,51876
34660,"Murray, KY",Micropolitan Statistical Area,Murray,21,54642
34700,"Muscatine, IA",Micropolitan Statistical Area,Muscatine,19,55110
34740,"Muskegon, MI",Metropolitan Statistical Area,Muskegon,26,56320
34780,"Muskogee, OK",Micropolitan Statistical Area,Muskogee,40,50050
34820,"Myrtle Beach-Conway-North Myrtle Beach, SC-NC",Metropolitan Statistical Area,Conway,45,16405
34820,"Myrtle Beach-Conway-North Myrtle Beach, SC-NC",Metropolitan Statistical Area,Myrtle Beach,45,49075
34820,"Myrtle Beach-Conway-North Myrtle Beach, SC-NC",Metropolitan Statistical Area,North Myrtle Beach,45,51280
34860,"Nacogdoches, TX",Micropolitan Statistical Area,Nacogdoches,48,50256
34900,"Napa, CA",Metropolitan Statistical Area,Napa,06,50258
34940,"Naples-Marco Island, FL",Metropolitan Statistical Area,Marco Island,12,43083
34940,"Naples-Marco Island, FL",Metropolitan Statistical Area,Naples,12,47625
34980,"Nashville-Davidson--Murfreesboro--Franklin, TN",Metropolitan Statistical Area,Franklin,47,27740
34980,"Nashville-Davidson--Murfreesboro--Franklin, TN",Metropolitan Statistical Area,Murfreesboro,47,51560
34980,"Nashville-Davidson--Murfreesboro--Franklin, TN",Metropolitan Statistical Area,Nashville-Davidson metropolitan government (balance),47,52006
35020,"Natchez, MS-LA",Micropolitan Statistical Area,Natchez,28,50440
35060,"Natchitoches, LA",Micropolitan Statistical Area,Natchitoches,22,53545
35100,"New Bern, NC",Metropolitan Statistical Area,New Bern,37,46340
35140,"Newberry, SC",Micropolitan Statistical Area,Newberry,45,49570
35220,"New Castle, IN",Micropolitan Statistical Area,New Castle,18,52740
35260,"New Castle, PA",Micropolitan Statistical Area,New Castle,42,53368
35300,"New Haven-Milford, CT",Metropolitan Statistical Area,Milford city (balance),09,47515
35300,"New Haven-Milford, CT",Metropolitan Statistical Area,New Haven,09,52000
35380,"New Orleans-Metairie, LA",Metropolitan Statistical Area,Metairie,22,50115
35380,"New Orleans-Metairie, LA",Metropolitan Statistical Area,New Orleans,22,55000
35420,"New Philadelphia-Dover, OH",Micropolitan Statistical Area,Dover,39,22456
35420,"New Philadelphia-Dover, OH",Micropolitan Statistical Area,New Philadelphia,39,55216
35440,"Newport, OR",Micropolitan Statistical Area,Newport,41,52450
35460,"Newport, TN",Micropolitan Statistical Area,Newport,47,53000
35580,"New Ulm, MN",Micropolitan Statistical Area,New Ulm,27,46042
35620,"New York-Newark-Jersey City, NY-NJ-PA",Metropolitan Statistical Area,Jersey City,34,36000
35620,"New York-Newark-Jersey City, NY-NJ-PA",Metropolitan Statistical Area,Lakewood,34,38580
35620,"New York-Newark-Jersey City, NY-NJ-PA",Metropolitan Statistical Area,Newark,34,51000
35620,"New York-Newark-Jersey City, NY-NJ-PA",Metropolitan Statistical Area,New Brunswick,34,51210
35620,"New York-Newark-Jersey City, NY-NJ-PA",Metropolitan Statistical Area,New York,36,51000
35620,"New York-Newark-Jersey City, NY-NJ-PA",Metropolitan Statistical Area,White Plains,36,81677
35660,"Niles, MI",Metropolitan Statistical Area,Niles,26,57760
35700,"Nogales, AZ",Micropolitan Statistical Area,Nogales,04,49640
35740,"Norfolk, NE",Micropolitan Statistical Area,Norfolk,31,34615
35820,"North Platte, NE",Micropolitan Statistical Area,North Platte,31,35000
35840,"North Port-Sarasota-Bradenton, FL",Metropolitan Statistical Area,Bradenton,12,07950
35840,"North Port-Sarasota-Bradenton, FL",Metropolitan Statistical Area,North Port,12,49675
35840,"North Port-Sarasota-Bradenton, FL",Metropolitan Statistical Area,Sarasota,12,64175
35840,"North Port-Sarasota-Bradenton, FL",Metropolitan Statistical Area,Venice,12,73900
35860,"North Vernon, IN",Micropolitan Statistical Area,North Vernon,18,55116
35900,"North Wilkesboro, NC",Micropolitan Statistical Area,North Wilkesboro,37,47880
35940,"Norwalk, OH",Micropolitan Statistical Area,Norwalk,39,57302
35980,"Norwich-New London, CT",Metropolitan Statistical Area,New London,09,52280
35980,"Norwich-New London, CT",Metropolitan Statistical Area,Norwich,09,56200
36020,"Oak Harbor, WA",Micropolitan Statistical Area,Oak Harbor,53,50360
36100,"Ocala, FL",Metropolitan Statistical Area,Ocala,12,50750
36140,"Ocean City, NJ",Metropolitan Statistical Area,Ocean City,34,54360
36220,"Odessa, TX",Metropolitan Statistical Area,Odessa,48,53388
36260,"Ogden-Clearfield, UT",Metropolitan Statistical Area,Clearfield,49,13850
36260,"Ogden-Clearfield, UT",Metropolitan Statistical Area,Ogden,49,55980
36300,"Ogdensburg-Massena, NY",Micropolitan Statistical Area,Massena,36,46019
36300,"Ogdensburg-Massena, NY",Micropolitan Statistical Area,Ogdensburg,36,54485
36340,"Oil City, PA",Micropolitan Statistical Area,Oil City,42,56456
36380,"Okeechobee, FL",Micropolitan Statistical Area,Okeechobee,12,51200
36420,"Oklahoma City, OK",Metropolitan Statistical Area,Oklahoma City,40,55000
36460,"Olean, NY",Micropolitan Statistical Area,Olean,36,54716
36500,"Olympia-Lacey-Tumwater, WA",Metropolitan Statistical Area,Lacey,53,36745
36500,"Olympia-Lacey-Tumwater, WA",Metropolitan Statistical Area,Olympia,53,51300
36500,"Olympia-Lacey-Tumwater, WA",Metropolitan Statistical Area,Tumwater,53,72905
36540,"Omaha-Council Bluffs, NE-IA",Metropolitan Statistical Area,Council Bluffs,19,16860
36540,"Omaha-Council Bluffs, NE-IA",Metropolitan Statistical Area,Omaha,31,37000
36580,"Oneonta, NY",Micropolitan Statistical Area,Oneonta,36,54881
36620,"Ontario, OR-ID",Micropolitan Statistical Area,Ontario,41,54900
36660,"Opelousas, LA",Micropolitan Statistical Area,Opelousas,22,58045
36700,"Orangeburg, SC",Micropolitan Statistical Area,Orangeburg,45,53080
36740,"Orlando-Kissimmee-Sanford, FL",Metropolitan Statistical Area,Kissimmee,12,36950
36740,"Orlando-Kissimmee-Sanford, FL",Metropolitan Statistical Area,Orlando,12,53000
36740,"Orlando-Kissimmee-Sanford, FL",Metropolitan Statistical Area,Sanford,12,63650
36780,"Oshkosh-Neenah, WI",Metropolitan Statistical Area,Neenah,55,55750
36780,"Oshkosh-Neenah, WI",Metropolitan Statistical Area,Oshkosh,55,60500
36820,"Oskaloosa, IA",Micropolitan Statistical Area,Oskaloosa,19,59925
36830,"Othello, WA",Micropolitan Statistical Area,Othello,53,52215
36837,"Ottawa, IL",Micropolitan Statistical Area,Ottawa,17,56926
36840,"Ottawa, KS",Micropolitan Statistical Area,Ottawa,20,53550
36900,"Ottumwa, IA",Micropolitan Statistical Area,Ottumwa,19,60465
36940,"Owatonna, MN",Micropolitan Statistical Area,Owatonna,27,49300
36980,"Owensboro, KY",Metropolitan Statistical Area,Owensboro,21,58620
37060,"Oxford, MS",Micropolitan Statistical Area,Oxford,28,54840
37100,"Oxnard-Thousand Oaks-Ventura, CA",Metropolitan Statistical Area,Camarillo,06,10046
37100,"Oxnard-Thousand Oaks-Ventura, CA",Metropolitan Statistical Area,Oxnard,06,54652
37100,"Oxnard-Thousand Oaks-Ventura, CA",Metropolitan Statistical Area,San Buenaventura (Ventura),06,65042
37100,"Oxnard-Thousand Oaks-Ventura, CA",Metropolitan Statistical Area,Thousand Oaks,06,78582
37120,"Ozark, AL",Micropolitan Statistical Area,Ozark,01,57648
37140,"Paducah, KY-IL",Micropolitan Statistical Area,Paducah,21,58836
37220,"Pahrump, NV",Micropolitan Statistical Area,Pahrump,32,53800
37260,"Palatka, FL",Micropolitan Statistical Area,Palatka,12,53875
37300,"Palestine, TX",Micropolitan Statistical Area,Palestine,48,54708
37340,"Palm Bay-Melbourne-Titusville, FL",Metropolitan Statistical Area,Melbourne,12,43975
37340,"Palm Bay-Melbourne-Titusville, FL",Metropolitan Statistical Area,Palm Bay,12,54000
37340,"Palm Bay-Melbourne-Titusville, FL",Metropolitan Statistical Area,Titusville,12,71900
37420,"Pampa, TX",Micropolitan Statistical Area,Pampa,48,54912
37460,"Panama City, FL",Metropolitan Statistical Area,Panama City,12,54700
37500,"Paragould, AR",Micropolitan Statistical Area,Paragould,05,53390
37540,"Paris, TN",Micropolitan Statistical Area,Paris,47,56720
37580,"Paris, TX",Micropolitan Statistical Area,Paris,48,55080
37620,"Parkersburg-Vienna, WV",Metropolitan Statistical Area,Parkersburg,54,62140
37620,"Parkersburg-Vienna, WV",Metropolitan Statistical Area,Vienna,54,83500
37660,"Parsons, KS",Micropolitan Statistical Area,Parsons,20,54675
37740,"Payson, AZ",Micropolitan Statistical Area,Payson,04,53700
37770,"Pearsall, TX",Micropolitan Statistical Area,Pearsall,48,56384
37780,"Pecos, TX",Micropolitan Statistical Area,Pecos,48,56516
37800,"Pella, IA",Micropolitan Statistical Area,Pella,19,62040
37860,"Pensacola-Ferry Pass-Brent, FL",Metropolitan Statistical Area,Brent,12,08300
37860,"Pensacola-Ferry Pass-Brent, FL",Metropolitan Statistical Area,Ferry Pass,12,22275
37860,"Pensacola-Ferry Pass-Brent, FL",Metropolitan Statistical Area,Pensacola,12,55925
37900,"Peoria, IL",Metropolitan Statistical Area,Peoria,17,59000
37940,"Peru, IN",Micropolitan Statistical Area,Peru,18,59328
37980,"Philadelphia-Camden-Wilmington, PA-NJ-DE-MD",Metropolitan Statistical Area,Wilmington,10,77580
37980,"Philadelphia-Camden-Wilmington, PA-NJ-DE-MD",Metropolitan Statistical Area,Camden,34,10000
37980,"Philadelphia-Camden-Wilmington, PA-NJ-DE-MD",Metropolitan Statistical Area,Philadelphia,42,60000
38060,"Phoenix-Mesa-Chandler, AZ",Metropolitan Statistical Area,Casa Grande,04,10530
38060,"Phoenix-Mesa-Chandler, AZ",Metropolitan Statistical Area,Chandler,04,12000
38060,"Phoenix-Mesa-Chandler, AZ",Metropolitan Statistical Area,Mesa,04,46000
38060,"Phoenix-Mesa-Chandler, AZ",Metropolitan Statistical Area,Phoenix,04,55000
38060,"Phoenix-Mesa-Chandler, AZ",Metropolitan Statistical Area,Scottsdale,04,65000
38060,"Phoenix-Mesa-Chandler, AZ",Metropolitan Statistical Area,Tempe,04,73000
38100,"Picayune, MS",Micropolitan Statistical Area,Picayune,28,57160
38180,"Pierre, SD",Micropolitan Statistical Area,Pierre,46,49600
38220,"Pine Bluff, AR",Metropolitan Statistical Area,Pine Bluff,05,55310
38240,"Pinehurst-Southern Pines, NC",Micropolitan Statistical Area,Pinehurst,37,51940
38240,"Pinehurst-Southern Pines, NC",Micropolitan Statistical Area,Southern Pines,37,63120
38260,"Pittsburg, KS",Micropolitan Statistical Area,Pittsburg,20,56025
38300,"Pittsburgh, PA",Metropolitan Statistical Area,Pittsburgh,42,61000
38340,"Pittsfield, MA",Metropolitan Statistical Area,Pittsfield,25,53960
38380,"Plainview, TX",Micropolitan Statistical Area,Plainview,48,57980
38420,"Platteville, WI",Micropolitan Statistical Area,Platteville,55,63250
38460,"Plattsburgh, NY",Micropolitan Statistical Area,Plattsburgh,36,58574
38500,"Plymouth, IN",Micropolitan Statistical Area,Plymouth,18,60822
38540,"Pocatello, ID",Metropolitan Statistical Area,Pocatello,16,64090
38580,"Point Pleasant, WV-OH",Micropolitan Statistical Area,Point Pleasant,54,64708
38620,"Ponca City, OK",Micropolitan Statistical Area,Ponca City,40,59850
38660,"Ponce, PR",Metropolitan Statistical Area,Ponce,72,63820
38700,"Pontiac, IL",Micropolitan Statistical Area,Pontiac,17,61015
38740,"Poplar Bluff, MO",Micropolitan Statistical Area,Poplar Bluff,29,59096
38780,"Portales, NM",Micropolitan Statistical Area,Portales,35,59260
38820,"Port Angeles, WA",Micropolitan Statistical Area,Port Angeles,53,55365
38860,"Portland-South Portland, ME",Metropolitan Statistical Area,Portland,23,60545
38860,"Portland-South Portland, ME",Metropolitan Statistical Area,South Portland,23,71990
38900,"Portland-Vancouver-Hillsboro, OR-WA",Metropolitan Statistical Area,Beaverton,41,05350
38900,"Portland-Vancouver-Hillsboro, OR-WA",Metropolitan Statistical Area,Hillsboro,41,34100
38900,"Portland-Vancouver-Hillsboro, OR-WA",Metropolitan Statistical Area,Portland,41,59000
38900,"Portland-Vancouver-Hillsboro, OR-WA",Metropolitan Statistical Area,Tigard,41,73650
38900,"Portland-Vancouver-Hillsboro, OR-WA",Metropolitan Statistical Area,Vancouver,53,74060
38920,"Port Lavaca, TX",Micropolitan Statistical Area,Port Lavaca,48,58916
38940,"Port St. Lucie, FL",Metropolitan Statistical Area,Port St. Lucie,12,58715
39020,"Portsmouth, OH",Micropolitan Statistical Area,Portsmouth,39,64304
39060,"Pottsville, PA",Micropolitan Statistical Area,Pottsville,42,62432
39100,"Poughkeepsie-Newburgh-Middletown, NY",Metropolitan Statistical Area,Middletown,36,47042
39100,"Poughkeepsie-Newburgh-Middletown, NY",Metropolitan Statistical Area,Newburgh,36,50034
39100,"Poughkeepsie-Newburgh-Middletown, NY",Metropolitan Statistical Area,Poughkeepsie,36,59641
39100,"Poughkeepsie-Newburgh-Middletown, NY",Metropolitan Statistical Area,Woodbury,36,82750
39150,"Prescott Valley-Prescott, AZ",Metropolitan Statistical Area,Prescott,04,57380
39150,"Prescott Valley-Prescott, AZ",Metropolitan Statistical Area,Prescott Valley,04,57450
39220,"Price, UT",Micropolitan Statistical Area,Price,49,62030
39260,"Prineville, OR",Micropolitan Statistical Area,Prineville,41,59850
39300,"Providence-Warwick, RI-MA",Metropolitan Statistical Area,Providence,44,59000
39300,"Providence-Warwick, RI-MA",Metropolitan Statistical Area,Warwick,44,74300
39340,"Provo-Orem, UT",Metropolitan Statistical Area,Orem,49,57300
39340,"Provo-Orem, UT",Metropolitan Statistical Area,Provo,49,62470
39380,"Pueblo, CO",Metropolitan Statistical Area,Pueblo,08,62000
39420,"Pullman, WA",Micropolitan Statistical Area,Pullman,53,56625
39460,"Punta Gorda, FL",Metropolitan Statistical Area,Punta Gorda,12,59200
39500,"Quincy, IL-MO",Micropolitan Statistical Area,Quincy,17,62367
39540,"Racine, WI",Metropolitan Statistical Area,Racine,55,66000
39580,"Raleigh-Cary, NC",Metropolitan Statistical Area,Cary,37,10740
39580,"Raleigh-Cary, NC",Metropolitan Statistical Area,Raleigh,37,55000
39660,"Rapid City, SD",Metropolitan Statistical Area,Rapid City,46,52980
39700,"Raymondville, TX",Micropolitan Statistical Area,Raymondville,48,60836
39740,"Reading, PA",Metropolitan Statistical Area,Reading,42,63624
39780,"Red Bluff, CA",Micropolitan Statistical Area,Red Bluff,06,59892
39820,"Redding, CA",Metropolitan Statistical Area,Redding,06,59920
39860,"Red Wing, MN",Micropolitan Statistical Area,Red Wing,27,53620
39900,"Reno, NV",Metropolitan Statistical Area,Reno,32,60600
39940,"Rexburg, ID",Micropolitan Statistical Area,Rexburg,16,67420
39980,"Richmond, IN",Micropolitan Statistical Area,Richmond,18,64260
40060,"Richmond, VA",Metropolitan Statistical Area,Richmond,51,67000
40080,"Richmond-Berea, KY",Micropolitan Statistical Area,Berea,21,05842
40080,"Richmond-Berea, KY",Micropolitan Statistical Area,Richmond,21,65226
40100,"Rio Grande City-Roma, TX",Micropolitan Statistical Area,Rio Grande City,48,62168
40100,"Rio Grande City-Roma, TX",Micropolitan Statistical Area,Roma,48,63020
40140,"Riverside-San Bernardino-Ontario, CA",Metropolitan Statistical Area,Chino,06,13210
40140,"Riverside-San Bernardino-Ontario, CA",Metropolitan Statistical Area,Corona,06,16350
40140,"Riverside-San Bernardino-Ontario, CA",Metropolitan Statistical Area,Ontario,06,53896
40140,"Riverside-San Bernardino-Ontario, CA",Metropolitan Statistical Area,Palm Desert,06,55184
40140,"Riverside-San Bernardino-Ontario, CA",Metropolitan Statistical Area,Redlands,06,59962
40140,"Riverside-San Bernardino-Ontario, CA",Metropolitan Statistical Area,Riverside,06,62000
40140,"Riverside-San Bernardino-Ontario, CA",Metropolitan Statistical Area,San Bernardino,06,65000
40140,"Riverside-San Bernardino-Ontario, CA",Metropolitan Statistical Area,Temecula,06,78120
40180,"Riverton, WY",Micropolitan Statistical Area,Riverton,56,66220
40220,"Roanoke, VA",Metropolitan Statistical Area,Roanoke,51,68000
40260,"Roanoke Rapids, NC",Micropolitan Statistical Area,Roanoke Rapids,37,56900
40300,"Rochelle, IL",Micropolitan Statistical Area,Rochelle,17,64746
40340,"Rochester, MN",Metropolitan Statistical Area,Rochester,27,54880
40380,"Rochester, NY",Metropolitan Statistical Area,Rochester,36,63000
40420,"Rockford, IL",Metropolitan Statistical Area,Rockford,17,65000
40460,"Rockingham, NC",Micropolitan Statistical Area,Rockingham,37,57260
40530,"Rockport, TX",Micropolitan Statistical Area,Rockport,48,62804
40540,"Rock Springs, WY",Micropolitan Statistical Area,Rock Springs,56,67235
40580,"Rocky Mount, NC",Metropolitan Statistical Area,Rocky Mount,37,57500
40620,"Rolla, MO",Micropolitan Statistical Area,Rolla,29,62912
40660,"Rome, GA",Metropolitan Statistical Area,Rome,13,66668
40700,"Roseburg, OR",Micropolitan Statistical Area,Roseburg,41,63650
40740,"Roswell, NM",Micropolitan Statistical Area,Roswell,35,64930
40760,"Ruidoso, NM",Micropolitan Statistical Area,Ruidoso,35,65210
40780,"Russellville, AR",Micropolitan Statistical Area,Russellville,05,61670
40820,"Ruston, LA",Micropolitan Statistical Area,Ruston,22,66655
40860,"Rutland, VT",Micropolitan Statistical Area,Rutland,50,61225
40900,"Sacramento-Roseville-Folsom, CA",Metropolitan Statistical Area,Folsom,06,24638
40900,"Sacramento-Roseville-Folsom, CA",Metropolitan Statistical Area,Rancho Cordova,06,59444
40900,"Sacramento-Roseville-Folsom, CA",Metropolitan Statistical Area,Roseville,06,62938
40900,"Sacramento-Roseville-Folsom, CA",Metropolitan Statistical Area,Sacramento,06,64000
40900,"Sacramento-Roseville-Folsom, CA",Metropolitan Statistical Area,West Sacramento,06,84816
40940,"Safford, AZ",Micropolitan Statistical Area,Safford,04,62000
40980,"Saginaw, MI",Metropolitan Statistical Area,Saginaw,26,70520
41060,"St. Cloud, MN",Metropolitan Statistical Area,St. Cloud,27,56896
41100,"St. George, UT",Metropolitan Statistical Area,St. George,49,65330
41140,"St. Joseph, MO-KS",Metropolitan Statistical Area,St. Joseph,29,64550
41180,"St. Louis, MO-IL",Metropolitan Statistical Area,St. Charles,29,64082
41180,"St. Louis, MO-IL",Metropolitan Statistical Area,St. Louis,29,65000
41220,"St. Marys, GA",Micropolitan Statistical Area,St. Marys,13,67984
41260,"St. Marys, PA",Micropolitan Statistical Area,St. Marys,42,67344
41400,"Salem, OH",Micropolitan Statistical Area,Salem,39,69834
41420,"Salem, OR",Metropolitan Statistical Area,Salem,41,64900
41460,"Salina, KS",Micropolitan Statistical Area,Salina,20,62700
41500,"Salinas, CA",Metropolitan Statistical Area,Salinas,06,64224
41540,"Salisbury, MD-DE",Metropolitan Statistical Area,Salisbury,24,69925
41620,"Salt Lake City, UT",Metropolitan Statistical Area,Salt Lake City,49,67000
41660,"San Angelo, TX",Metropolitan Statistical Area,San Angelo,48,64472
41700,"San Antonio-New Braunfels, TX",Metropolitan Statistical Area,New Braunfels,48,50820
41700,"San Antonio-New Braunfels, TX",Metropolitan Statistical Area,San Antonio,48,65000
41740,"San Diego-Chula Vista-Carlsbad, CA",Metropolitan Statistical Area,Carlsbad,06,11194
41740,"San Diego-Chula Vista-Carlsbad, CA",Metropolitan Statistical Area,Chula Vista,06,13392
41740,"San Diego-Chula Vista-Carlsbad, CA",Metropolitan Statistical Area,Poway,06,58520
41740,"San Diego-Chula Vista-Carlsbad, CA",Metropolitan Statistical Area,San Diego,06,66000
41760,"Sandpoint, ID",Micropolitan Statistical Area,Sandpoint,16,72100
41780,"Sandusky, OH",Micropolitan Statistical Area,Sandusky,39,70380
41820,"Sanford, NC",Micropolitan Statistical Area,Sanford,37,59280
41860,"San Francisco-Oakland-Berkeley, CA",Metropolitan Statistical Area,Berkeley,06,06000
41860,"San Francisco-Oakland-Berkeley, CA",Metropolitan Statistical Area,Livermore,06,41992
41860,"San Francisco-Oakland-Berkeley, CA",Metropolitan Statistical Area,Oakland,06,53000
41860,"San Francisco-Oakland-Berkeley, CA",Metropolitan Statistical Area,Pleasanton,06,57792
41860,"San Francisco-Oakland-Berkeley, CA",Metropolitan Statistical Area,Redwood City,06,60102
41860,"San Francisco-Oakland-Berkeley, CA",Metropolitan Statistical Area,San Francisco,06,67000
41860,"San Francisco-Oakland-Berkeley, CA",Metropolitan Statistical Area,San Mateo,06,68252
41860,"San Francisco-Oakland-Berkeley, CA",Metropolitan Statistical Area,San Rafael,06,68364
41860,"San Francisco-Oakland-Berkeley, CA",Metropolitan Statistical Area,San Ramon,06,68378
41860,"San Francisco-Oakland-Berkeley, CA",Metropolitan Statistical Area,South San Francisco,06,73262
41860,"San Francisco-Oakland-Berkeley, CA",Metropolitan Statistical Area,Walnut Creek,06,83346
41900,"San Germ�n, PR",Metropolitan Statistical Area,San Germ�n,72,76167
41940,"San Jose-Sunnyvale-Santa Clara, CA",Metropolitan Statistical Area,Cupertino,06,17610
41940,"San Jose-Sunnyvale-Santa Clara, CA",Metropolitan Statistical Area,Milpitas,06,47766
41940,"San Jose-Sunnyvale-Santa Clara, CA",Metropolitan Statistical Area,Mountain View,06,49670
41940,"San Jose-Sunnyvale-Santa Clara, CA",Metropolitan Statistical Area,Palo Alto,06,55282
41940,"San Jose-Sunnyvale-Santa Clara, CA",Metropolitan Statistical Area,San Jose,06,68000
41940,"San Jose-Sunnyvale-Santa Clara, CA",Metropolitan Statistical Area,Santa Clara,06,69084
41940,"San Jose-Sunnyvale-Santa Clara, CA",Metropolitan Statistical Area,Sunnyvale,06,77000
41980,"San Juan-Bayam�n-Caguas, PR",Metropolitan Statistical Area,Bayam�n,72,06593
41980,"San Juan-Bayam�n-Caguas, PR",Metropolitan Statistical Area,Caguas,72,10334
41980,"San Juan-Bayam�n-Caguas, PR",Metropolitan Statistical Area,Guaynabo,72,32522
41980,"San Juan-Bayam�n-Caguas, PR",Metropolitan Statistical Area,San Juan,72,76770
42020,"San Luis Obispo-Paso Robles, CA",Metropolitan Statistical Area,El Paso de Robles (Paso Robles),06,22300
42020,"San Luis Obispo-Paso Robles, CA",Metropolitan Statistical Area,San Luis Obispo,06,68154
42100,"Santa Cruz-Watsonville, CA",Metropolitan Statistical Area,Santa Cruz,06,69112
42100,"Santa Cruz-Watsonville, CA",Metropolitan Statistical Area,Watsonville,06,83668
42140,"Santa Fe, NM",Metropolitan Statistical Area,Santa Fe,35,70500
42180,"Santa Isabel, PR",Micropolitan Statistical Area,Santa Isabel,72,78145
42200,"Santa Maria-Santa Barbara, CA",Metropolitan Statistical Area,Santa Barbara,06,69070
42200,"Santa Maria-Santa Barbara, CA",Metropolitan Statistical Area,Santa Maria,06,69196
42220,"Santa Rosa-Petaluma, CA",Metropolitan Statistical Area,Petaluma,06,56784
42220,"Santa Rosa-Petaluma, CA",Metropolitan Statistical Area,Santa Rosa,06,70098
42300,"Sault Ste. Marie, MI",Micropolitan Statistical Area,Sault Ste. Marie,26,71740
42340,"Savannah, GA",Metropolitan Statistical Area,Savannah,13,69000
42380,"Sayre, PA",Micropolitan Statistical Area,Sayre,42,68096
42420,"Scottsbluff, NE",Micropolitan Statistical Area,Scottsbluff,31,44245
42460,"Scottsboro, AL",Micropolitan Statistical Area,Scottsboro,01,68736
42500,"Scottsburg, IN",Micropolitan Statistical Area,Scottsburg,18,68526
42540,"Scranton--Wilkes-Barre, PA",Metropolitan Statistical Area,Scranton,42,69000
42540,"Scranton--Wilkes-Barre, PA",Metropolitan Statistical Area,Wilkes-Barre,42,85152
42620,"Searcy, AR",Micropolitan Statistical Area,Searcy,05,63020
42660,"Seattle-Tacoma-Bellevue, WA",Metropolitan Statistical Area,Auburn,53,03180
42660,"Seattle-Tacoma-Bellevue, WA",Metropolitan Statistical Area,Bellevue,53,05210
42660,"Seattle-Tacoma-Bellevue, WA",Metropolitan Statistical Area,Everett,53,22640
42660,"Seattle-Tacoma-Bellevue, WA",Metropolitan Statistical Area,Kent,53,35415
42660,"Seattle-Tacoma-Bellevue, WA",Metropolitan Statistical Area,Lakewood,53,38038
42660,"Seattle-Tacoma-Bellevue, WA",Metropolitan Statistical Area,Redmond,53,57535
42660,"Seattle-Tacoma-Bellevue, WA",Metropolitan Statistical Area,Renton,53,57745
42660,"Seattle-Tacoma-Bellevue, WA",Metropolitan Statistical Area,Seattle,53,63000
42660,"Seattle-Tacoma-Bellevue, WA",Metropolitan Statistical Area,Tacoma,53,70000
42680,"Sebastian-Vero Beach, FL",Metropolitan Statistical Area,Sebastian,12,64825
42680,"Sebastian-Vero Beach, FL",Metropolitan Statistical Area,Vero Beach,12,74150
42700,"Sebring-Avon Park, FL",Metropolitan Statistical Area,Avon Park,12,02750
42700,"Sebring-Avon Park, FL",Metropolitan Statistical Area,Sebring,12,64875
42740,"Sedalia, MO",Micropolitan Statistical Area,Sedalia,29,66440
42780,"Selinsgrove, PA",Micropolitan Statistical Area,Selinsgrove,42,69216
42820,"Selma, AL",Micropolitan Statistical Area,Selma,01,69120
42860,"Seneca, SC",Micropolitan Statistical Area,Seneca,45,65095
42900,"Seneca Falls, NY",Micropolitan Statistical Area,Seneca Falls,36,66322
42940,"Sevierville, TN",Micropolitan Statistical Area,Sevierville,47,67120
42980,"Seymour, IN",Micropolitan Statistical Area,Seymour,18,68832
43020,"Shawano, WI",Micropolitan Statistical Area,Shawano,55,72925
43060,"Shawnee, OK",Micropolitan Statistical Area,Shawnee,40,66800
43100,"Sheboygan, WI",Metropolitan Statistical Area,Sheboygan,55,72975
43140,"Shelby, NC",Micropolitan Statistical Area,Shelby,37,61200
43180,"Shelbyville, TN",Micropolitan Statistical Area,Shelbyville,47,67760
43220,"Shelton, WA",Micropolitan Statistical Area,Shelton,53,63735
43260,"Sheridan, WY",Micropolitan Statistical Area,Sheridan,56,69845
43300,"Sherman-Denison, TX",Metropolitan Statistical Area,Denison,48,19900
43300,"Sherman-Denison, TX",Metropolitan Statistical Area,Sherman,48,67496
43320,"Show Low, AZ",Micropolitan Statistical Area,Show Low,04,66470
43340,"Shreveport-Bossier City, LA",Metropolitan Statistical Area,Bossier City,22,08920
43340,"Shreveport-Bossier City, LA",Metropolitan Statistical Area,Shreveport,22,70000
43380,"Sidney, OH",Micropolitan Statistical Area,Sidney,39,72424
43420,"Sierra Vista-Douglas, AZ",Metropolitan Statistical Area,Douglas,04,20050
43420,"Sierra Vista-Douglas, AZ",Metropolitan Statistical Area,Sierra Vista,04,66820
43460,"Sikeston, MO",Micropolitan Statistical Area,Sikeston,29,67790
43500,"Silver City, NM",Micropolitan Statistical Area,Silver City,35,73260
43580,"Sioux City, IA-NE-SD",Metropolitan Statistical Area,Sioux City,19,73335
43620,"Sioux Falls, SD",Metropolitan Statistical Area,Sioux Falls,46,59020
43660,"Snyder, TX",Micropolitan Statistical Area,Snyder,48,68624
43700,"Somerset, KY",Micropolitan Statistical Area,Somerset,21,71688
43740,"Somerset, PA",Micropolitan Statistical Area,Somerset,42,71776
43760,"Sonora, CA",Micropolitan Statistical Area,Sonora,06,72674
43780,"South Bend-Mishawaka, IN-MI",Metropolitan Statistical Area,Mishawaka,18,49932
43780,"South Bend-Mishawaka, IN-MI",Metropolitan Statistical Area,South Bend,18,71000
43900,"Spartanburg, SC",Metropolitan Statistical Area,Spartanburg,45,68290
43940,"Spearfish, SD",Micropolitan Statistical Area,Spearfish,46,60020
43980,"Spencer, IA",Micropolitan Statistical Area,Spencer,19,74280
44020,"Spirit Lake, IA",Micropolitan Statistical Area,Spirit Lake,19,74415
44060,"Spokane-Spokane Valley, WA",Metropolitan Statistical Area,Spokane,53,67000
44060,"Spokane-Spokane Valley, WA",Metropolitan Statistical Area,Spokane Valley,53,67167
44100,"Springfield, IL",Metropolitan Statistical Area,Springfield,17,72000
44140,"Springfield, MA",Metropolitan Statistical Area,Springfield,25,67000
44180,"Springfield, MO",Metropolitan Statistical Area,Springfield,29,70000
44220,"Springfield, OH",Metropolitan Statistical Area,Springfield,39,74118
44260,"Starkville, MS",Micropolitan Statistical Area,Starkville,28,70240
44300,"State College, PA",Metropolitan Statistical Area,State College,42,73808
44340,"Statesboro, GA",Micropolitan Statistical Area,Statesboro,13,73256
44420,"Staunton, VA",Metropolitan Statistical Area,Staunton,51,75216
44460,"Steamboat Springs, CO",Micropolitan Statistical Area,Steamboat Springs,08,73825
44500,"Stephenville, TX",Micropolitan Statistical Area,Stephenville,48,70208
44540,"Sterling, CO",Micropolitan Statistical Area,Sterling,08,73935
44580,"Sterling, IL",Micropolitan Statistical Area,Sterling,17,72546
44620,"Stevens Point, WI",Micropolitan Statistical Area,Stevens Point,55,77200
44660,"Stillwater, OK",Micropolitan Statistical Area,Stillwater,40,70300
44700,"Stockton, CA",Metropolitan Statistical Area,Stockton,06,75000
44740,"Storm Lake, IA",Micropolitan Statistical Area,Storm Lake,19,75630
44780,"Sturgis, MI",Micropolitan Statistical Area,Sturgis,26,76960
44860,"Sulphur Springs, TX",Micropolitan Statistical Area,Sulphur Springs,48,70904
44900,"Summerville, GA",Micropolitan Statistical Area,Summerville,13,74376
44940,"Sumter, SC",Metropolitan Statistical Area,Sumter,45,70405
44980,"Sunbury, PA",Micropolitan Statistical Area,Sunbury,42,75304
45000,"Susanville, CA",Micropolitan Statistical Area,Susanville,06,77364
45020,"Sweetwater, TX",Micropolitan Statistical Area,Sweetwater,48,71540
45060,"Syracuse, NY",Metropolitan Statistical Area,Syracuse,36,73000
45140,"Tahlequah, OK",Micropolitan Statistical Area,Tahlequah,40,72100
45180,"Talladega-Sylacauga, AL",Micropolitan Statistical Area,Sylacauga,01,74352
45180,"Talladega-Sylacauga, AL",Micropolitan Statistical Area,Talladega,01,74592
45220,"Tallahassee, FL",Metropolitan Statistical Area,Tallahassee,12,70600
45300,"Tampa-St. Petersburg-Clearwater, FL",Metropolitan Statistical Area,Clearwater,12,12875
45300,"Tampa-St. Petersburg-Clearwater, FL",Metropolitan Statistical Area,Largo,12,39425
45300,"Tampa-St. Petersburg-Clearwater, FL",Metropolitan Statistical Area,Pinellas Park,12,56975
45300,"Tampa-St. Petersburg-Clearwater, FL",Metropolitan Statistical Area,St. Petersburg,12,63000
45300,"Tampa-St. Petersburg-Clearwater, FL",Metropolitan Statistical Area,Tampa,12,71000
45340,"Taos, NM",Micropolitan Statistical Area,Taos,35,76200
45380,"Taylorville, IL",Micropolitan Statistical Area,Taylorville,17,74574
45460,"Terre Haute, IN",Metropolitan Statistical Area,Terre Haute,18,75428
45500,"Texarkana, TX-AR",Metropolitan Statistical Area,Texarkana,48,72368
45520,"The Dalles, OR",Micropolitan Statistical Area,The Dalles,41,72950
45540,"The Villages, FL",Metropolitan Statistical Area,The Villages,12,71625
45580,"Thomaston, GA",Micropolitan Statistical Area,Thomaston,13,76168
45620,"Thomasville, GA",Micropolitan Statistical Area,Thomasville,13,76224
45660,"Tiffin, OH",Micropolitan Statistical Area,Tiffin,39,76778
45700,"Tifton, GA",Micropolitan Statistical Area,Tifton,13,76476
45740,"Toccoa, GA",Micropolitan Statistical Area,Toccoa,13,76756
45780,"Toledo, OH",Metropolitan Statistical Area,Toledo,39,77000
45820,"Topeka, KS",Metropolitan Statistical Area,Topeka,20,71000
45860,"Torrington, CT",Micropolitan Statistical Area,Torrington,09,76500
45900,"Traverse City, MI",Micropolitan Statistical Area,Traverse City,26,80340
45940,"Trenton-Princeton, NJ",Metropolitan Statistical Area,Princeton,34,60900
45940,"Trenton-Princeton, NJ",Metropolitan Statistical Area,Trenton,34,74000
45980,"Troy, AL",Micropolitan Statistical Area,Troy,01,76920
46020,"Truckee-Grass Valley, CA",Micropolitan Statistical Area,Grass Valley,06,30798
46020,"Truckee-Grass Valley, CA",Micropolitan Statistical Area,Truckee,06,80588
46060,"Tucson, AZ",Metropolitan Statistical Area,Tucson,04,77000
46100,"Tullahoma-Manchester, TN",Micropolitan Statistical Area,Manchester,47,45500
46100,"Tullahoma-Manchester, TN",Micropolitan Statistical Area,Tullahoma,47,75320
46140,"Tulsa, OK",Metropolitan Statistical Area,Tulsa,40,75000
46180,"Tupelo, MS",Micropolitan Statistical Area,Tupelo,28,74840
46220,"Tuscaloosa, AL",Metropolitan Statistical Area,Tuscaloosa,01,77256
46300,"Twin Falls, ID",Metropolitan Statistical Area,Twin Falls,16,82810
46340,"Tyler, TX",Metropolitan Statistical Area,Tyler,48,74144
46380,"Ukiah, CA",Micropolitan Statistical Area,Ukiah,06,81134
46420,"Union, SC",Micropolitan Statistical Area,Union,45,73105
46460,"Union City, TN",Micropolitan Statistical Area,Union City,47,75940
46500,"Urbana, OH",Micropolitan Statistical Area,Urbana,39,79072
46520,"Urban Honolulu, HI",Metropolitan Statistical Area,Urban Honolulu,15,71550
46540,"Utica-Rome, NY",Metropolitan Statistical Area,Rome,36,63418
46540,"Utica-Rome, NY",Metropolitan Statistical Area,Utica,36,76540
46620,"Uvalde, TX",Micropolitan Statistical Area,Uvalde,48,74588
46660,"Valdosta, GA",Metropolitan Statistical Area,Valdosta,13,78800
46700,"Vallejo, CA",Metropolitan Statistical Area,Vallejo,06,81666
46780,"Van Wert, OH",Micropolitan Statistical Area,Van Wert,39,79562
46820,"Vermillion, SD",Micropolitan Statistical Area,Vermillion,46,66700
46860,"Vernal, UT",Micropolitan Statistical Area,Vernal,49,80090
46900,"Vernon, TX",Micropolitan Statistical Area,Vernon,48,75308
46980,"Vicksburg, MS",Micropolitan Statistical Area,Vicksburg,28,76720
47020,"Victoria, TX",Metropolitan Statistical Area,Victoria,48,75428
47080,"Vidalia, GA",Micropolitan Statistical Area,Vidalia,13,79388
47180,"Vincennes, IN",Micropolitan Statistical Area,Vincennes,18,79208
47220,"Vineland-Bridgeton, NJ",Metropolitan Statistical Area,Bridgeton,34,07600
47220,"Vineland-Bridgeton, NJ",Metropolitan Statistical Area,Vineland,34,76070
47240,"Vineyard Haven, MA",Micropolitan Statistical Area,Vineyard Haven,25,71970
47260,"Virginia Beach-Norfolk-Newport News, VA-NC",Metropolitan Statistical Area,Hampton,51,35000
47260,"Virginia Beach-Norfolk-Newport News, VA-NC",Metropolitan Statistical Area,Newport News,51,56000
47260,"Virginia Beach-Norfolk-Newport News, VA-NC",Metropolitan Statistical Area,Norfolk,51,57000
47260,"Virginia Beach-Norfolk-Newport News, VA-NC",Metropolitan Statistical Area,Portsmouth,51,64000
47260,"Virginia Beach-Norfolk-Newport News, VA-NC",Metropolitan Statistical Area,Virginia Beach,51,82000
47300,"Visalia, CA",Metropolitan Statistical Area,Visalia,06,82954
47340,"Wabash, IN",Micropolitan Statistical Area,Wabash,18,79370
47380,"Waco, TX",Metropolitan Statistical Area,Waco,48,76000
47420,"Wahpeton, ND-MN",Micropolitan Statistical Area,Wahpeton,38,82660
47460,"Walla Walla, WA",Metropolitan Statistical Area,Walla Walla,53,75775
47540,"Wapakoneta, OH",Micropolitan Statistical Area,Wapakoneta,39,80766
47580,"Warner Robins, GA",Metropolitan Statistical Area,Warner Robins,13,80508
47620,"Warren, PA",Micropolitan Statistical Area,Warren,42,81000
47660,"Warrensburg, MO",Micropolitan Statistical Area,Warrensburg,29,77092
47700,"Warsaw, IN",Micropolitan Statistical Area,Warsaw,18,80306
47780,"Washington, IN",Micropolitan Statistical Area,Washington,18,80504
47820,"Washington, NC",Micropolitan Statistical Area,Washington,37,71220
47900,"Washington-Arlington-Alexandria, DC-VA-MD-WV",Metropolitan Statistical Area,Washington,11,50000
47900,"Washington-Arlington-Alexandria, DC-VA-MD-WV",Metropolitan Statistical Area,Bethesda,24,07125
47900,"Washington-Arlington-Alexandria, DC-VA-MD-WV",Metropolitan Statistical Area,Frederick,24,30325
47900,"Washington-Arlington-Alexandria, DC-VA-MD-WV",Metropolitan Statistical Area,Gaithersburg,24,31175
47900,"Washington-Arlington-Alexandria, DC-VA-MD-WV",Metropolitan Statistical Area,Rockville,24,67675
47900,"Washington-Arlington-Alexandria, DC-VA-MD-WV",Metropolitan Statistical Area,Alexandria,51,01000
47900,"Washington-Arlington-Alexandria, DC-VA-MD-WV",Metropolitan Statistical Area,Arlington,51,03000
47900,"Washington-Arlington-Alexandria, DC-VA-MD-WV",Metropolitan Statistical Area,Reston,51,66672
47920,"Washington Court House, OH",Micropolitan Statistical Area,Washington Court House,39,81718
47940,"Waterloo-Cedar Falls, IA",Metropolitan Statistical Area,Cedar Falls,19,11755
47940,"Waterloo-Cedar Falls, IA",Metropolitan Statistical Area,Waterloo,19,82425
47980,"Watertown, SD",Micropolitan Statistical Area,Watertown,46,69300
48020,"Watertown-Fort Atkinson, WI",Micropolitan Statistical Area,Fort Atkinson,55,26675
48020,"Watertown-Fort Atkinson, WI",Micropolitan Statistical Area,Watertown,55,83975
48060,"Watertown-Fort Drum, NY",Metropolitan Statistical Area,Fort Drum,36,26759
48060,"Watertown-Fort Drum, NY",Metropolitan Statistical Area,Watertown,36,78608
48100,"Wauchula, FL",Micropolitan Statistical Area,Wauchula,12,75375
48140,"Wausau-Weston, WI",Metropolitan Statistical Area,Wausau,55,84475
48140,"Wausau-Weston, WI",Metropolitan Statistical Area,Weston,55,86025
48180,"Waycross, GA",Micropolitan Statistical Area,Waycross,13,80956
48220,"Weatherford, OK",Micropolitan Statistical Area,Weatherford,40,79450
48260,"Weirton-Steubenville, WV-OH",Metropolitan Statistical Area,Steubenville,39,74608
48260,"Weirton-Steubenville, WV-OH",Metropolitan Statistical Area,Weirton,54,85156
48300,"Wenatchee, WA",Metropolitan Statistical Area,Wenatchee,53,77105
48460,"West Plains, MO",Micropolitan Statistical Area,West Plains,29,78928
48500,"West Point, MS",Micropolitan Statistical Area,West Point,28,79120
48540,"Wheeling, WV-OH",Metropolitan Statistical Area,Wheeling,54,86452
48580,"Whitewater, WI",Micropolitan Statistical Area,Whitewater,55,86925
48620,"Wichita, KS",Metropolitan Statistical Area,Wichita,20,79000
48660,"Wichita Falls, TX",Metropolitan Statistical Area,Wichita Falls,48,79000
48700,"Williamsport, PA",Metropolitan Statistical Area,Williamsport,42,85312
48780,"Williston, ND",Micropolitan Statistical Area,Williston,38,86220
48820,"Willmar, MN",Micropolitan Statistical Area,Willmar,27,70420
48900,"Wilmington, NC",Metropolitan Statistical Area,Wilmington,37,74440
48940,"Wilmington, OH",Micropolitan Statistical Area,Wilmington,39,85792
48980,"Wilson, NC",Micropolitan Statistical Area,Wilson,37,74540
49020,"Winchester, VA-WV",Metropolitan Statistical Area,Winchester,51,86720
49060,"Winfield, KS",Micropolitan Statistical Area,Winfield,20,79950
49080,"Winnemucca, NV",Micropolitan Statistical Area,Winnemucca,32,84800
49100,"Winona, MN",Micropolitan Statistical Area,Winona,27,71032
49180,"Winston-Salem, NC",Metropolitan Statistical Area,Winston-Salem,37,75000
49220,"Wisconsin Rapids-Marshfield, WI",Micropolitan Statistical Area,Marshfield,55,49675
49220,"Wisconsin Rapids-Marshfield, WI",Micropolitan Statistical Area,Wisconsin Rapids,55,88200
49260,"Woodward, OK",Micropolitan Statistical Area,Woodward,40,82150
49300,"Wooster, OH",Micropolitan Statistical Area,Wooster,39,86548
49340,"Worcester, MA-CT",Metropolitan Statistical Area,Worcester,25,82000
49380,"Worthington, MN",Micropolitan Statistical Area,Worthington,27,71734
49420,"Yakima, WA",Metropolitan Statistical Area,Yakima,53,80010
49460,"Yankton, SD",Micropolitan Statistical Area,Yankton,46,73060
49500,"Yauco, PR",Metropolitan Statistical Area,Yauco,72,88035
49620,"York-Hanover, PA",Metropolitan Statistical Area,Hanover,42,32448
49620,"York-Hanover, PA",Metropolitan Statistical Area,York,42,87048
49660,"Youngstown-Warren-Boardman, OH-PA",Metropolitan Statistical Area,Boardman,39,07454
49660,"Youngstown-Warren-Boardman, OH-PA",Metropolitan Statistical Area,Warren,39,80892
49660,"Youngstown-Warren-Boardman, OH-PA",Metropolitan Statistical Area,Youngstown,39,88000
49700,"Yuba City, CA",Metropolitan Statistical Area,Yuba City,06,86972
49740,"Yuma, AZ",Metropolitan Statistical Area,Yuma,04,85540
49780,"Zanesville, OH",Micropolitan Statistical Area,Zanesville,39,88084
49820,"Zapata, TX",Micropolitan Statistical Area,Zapata,48,80716